date,match,pick,side,model_prob,open_prob,close_prob,clv_pct,ticker
2026-06-11,Mexico v South Africa,Mexico,home,0.597,0.63,0.695,10.3,KXWCGAME-26JUN11MEXRSA-MEX
2026-06-13,United States v Paraguay,United States,home,0.405,0.475,0.485,2.1,KXWCGAME-26JUN12USAPAR-USA
2026-06-13,Qatar v Switzerland,Switzerland,away,0.769,0.725,0.825,13.8,KXWCGAME-26JUN13QATSUI-SUI
2026-06-13,Brazil v Morocco,Brazil,home,0.533,0.595,0.585,-1.7,KXWCGAME-26JUN13BRAMAR-BRA
2026-06-14,Haiti v Scotland,Scotland,away,0.566,0.695,0.615,-11.5,KXWCGAME-26JUN13HTISCO-SCO
2026-06-14,Australia v Türkiye,Australia,home,0.397,0.195,0.175,-10.3,KXWCGAME-26JUN14AUSTUR-AUS
2026-06-14,Germany v Curaçao,Germany,home,0.96,0.93,0.935,0.5,KXWCGAME-26JUN14GERCUW-GER
2026-06-14,Netherlands v Japan,Netherlands,home,0.46,0.465,0.485,4.3,KXWCGAME-26JUN14NEDJPN-NED
2026-06-14,Ivory Coast v Ecuador,Ecuador,away,0.458,0.415,0.395,-4.8,KXWCGAME-26JUN14CIVECU-ECU
2026-06-15,Sweden v Tunisia,Sweden,home,0.465,0.505,0.515,2.0,KXWCGAME-26JUN14SWETUN-SWE
2026-06-15,Spain v Cape Verde,Spain,home,0.905,0.885,0.905,2.3,KXWCGAME-26JUN15ESPCPV-ESP
2026-06-15,Belgium v Egypt,Belgium,home,0.602,0.615,0.665,8.1,KXWCGAME-26JUN15BELEGY-BEL
2026-06-15,Saudi Arabia v Uruguay,Uruguay,away,0.717,0.575,0.645,12.2,KXWCGAME-26JUN15KSAURU-URU
2026-06-16,France v Senegal,France,home,0.587,0.695,0.665,-4.3,KXWCGAME-26JUN16FRASEN-FRA
2026-06-16,Iraq v Norway,Norway,away,0.624,0.77,0.795,3.2,KXWCGAME-26JUN16IRQNOR-NOR
2026-06-17,Argentina v Algeria,Argentina,home,0.735,0.68,0.635,-6.6,KXWCGAME-26JUN16ARGDZA-ARG
2026-06-17,Austria v Jordan,Austria,home,0.605,0.715,0.705,-1.4,KXWCGAME-26JUN17AUTJOR-AUT
2026-06-17,Portugal v Congo DR,Portugal,home,0.741,0.77,0.765,-0.6,KXWCGAME-26JUN17PORCOD-POR
2026-06-17,England v Croatia,England,home,0.554,0.545,0.585,7.3,KXWCGAME-26JUN17ENGCRO-ENG
2026-06-17,Ghana v Panama,Ghana,home,0.358,0.485,0.395,-18.6,KXWCGAME-26JUN17GHAPAN-GHA
2026-06-18,Uzbekistan v Colombia,Colombia,away,0.658,0.66,0.765,15.9,KXWCGAME-26JUN17UZBCOL-COL
2026-06-18,Canada v Qatar,Canada,home,0.663,0.445,0.785,76.4,KXWCGAME-26JUN18CANQAT-CAN
2026-06-19,Mexico v South Korea,Mexico,home,0.428,0.445,0.485,9.0,KXWCGAME-26JUN18MEXKOR-MEX
2026-06-19,United States v Australia,United States,home,0.362,0.385,0.625,62.3,KXWCGAME-26JUN19USAAUS-USA
2026-06-19,Scotland v Morocco,Morocco,away,0.539,0.445,0.595,33.7,KXWCGAME-26JUN19SCOMAR-MAR
2026-06-20,Brazil v Haiti,Brazil,home,0.933,0.855,0.885,3.5,KXWCGAME-26JUN19BRAHTI-BRA
2026-06-20,Netherlands v Sweden,Netherlands,home,0.596,0.58,0.575,-0.9,KXWCGAME-26JUN20NEDSWE-NED
2026-06-20,Germany v Ivory Coast,Germany,home,0.632,0.445,0.655,47.2,KXWCGAME-26JUN20GERCIV-GER
2026-06-21,Ecuador v Curaçao,Ecuador,home,0.854,0.445,0.845,89.9,KXWCGAME-26JUN20ECUCUW-ECU
2026-06-21,Tunisia v Japan,Japan,away,0.562,0.445,0.665,49.4,KXWCGAME-26JUN21TUNJPN-JPN
2026-06-21,Spain v Saudi Arabia,Spain,home,0.883,0.445,0.885,98.9,KXWCGAME-26JUN21ESPKSA-ESP
2026-06-21,Belgium v Iran,Belgium,home,0.565,0.445,0.695,56.2,KXWCGAME-26JUN21BELIRI-BEL
2026-06-21,Uruguay v Cape Verde,Uruguay,home,0.753,0.445,0.705,58.4,KXWCGAME-26JUN21URUCPV-URU
2026-06-22,New Zealand v Egypt,Egypt,away,0.457,0.445,0.595,33.7,KXWCGAME-26JUN21NZLEGY-EGY
2026-06-22,Argentina v Austria,Argentina,home,0.72,0.445,0.685,53.9,KXWCGAME-26JUN22ARGAUT-ARG
2026-06-22,France v Iraq,France,home,0.799,0.865,0.915,5.8,KXWCGAME-26JUN22FRAIRQ-FRA
2026-06-23,Norway v Senegal,Norway,home,0.375,0.445,0.405,-9.0,KXWCGAME-26JUN22NORSEN-NOR
2026-06-23,Jordan v Algeria,Algeria,away,0.616,0.445,0.665,49.4,KXWCGAME-26JUN22JORDZA-DZA
2026-06-23,Portugal v Uzbekistan,Portugal,home,0.7,0.445,0.865,94.4,KXWCGAME-26JUN23PORUZB-POR
2026-06-23,England v Ghana,England,home,0.788,0.445,0.845,89.9,KXWCGAME-26JUN23ENGGHA-ENG
2026-06-23,Panama v Croatia,Croatia,away,0.658,0.445,0.695,56.2,KXWCGAME-26JUN23PANCRO-CRO
2026-06-24,Colombia v Congo DR,Colombia,home,0.699,0.625,0.645,3.2,KXWCGAME-26JUN23COLCOD-COL
2026-06-24,Switzerland v Canada,Switzerland,home,0.458,0.445,0.375,-15.7,KXWCGAME-26JUN24SUICAN-SUI
2026-06-24,Morocco v Haiti,Morocco,home,0.744,0.445,0.755,69.7,KXWCGAME-26JUN24MARHTI-MAR
2026-06-24,Scotland v Brazil,Brazil,away,0.788,0.71,0.745,4.9,KXWCGAME-26JUN24SCOBRA-BRA
2026-06-25,Czechia v Mexico,Mexico,away,0.508,0.435,0.575,32.2,KXWCGAME-26JUN24CZEMEX-MEX
2026-06-25,Curaçao v Ivory Coast,Ivory Coast,away,0.766,0.445,0.825,85.4,KXWCGAME-26JUN25CUWCIV-CIV
2026-06-25,Ecuador v Germany,Germany,away,0.479,0.445,0.555,24.7,KXWCGAME-26JUN25ECUGER-GER
2026-06-25,Japan v Sweden,Japan,home,0.486,0.365,0.405,11.0,KXWCGAME-26JUN25JPNSWE-JPN
2026-06-25,Tunisia v Netherlands,Netherlands,away,0.666,0.445,0.875,96.6,KXWCGAME-26JUN25TUNNED-NED
2026-06-26,Paraguay v Australia,Australia,away,0.395,0.445,0.225,-49.4,KXWCGAME-26JUN25PARAUS-AUS
2026-06-26,Türkiye v United States,United States,away,0.407,0.435,0.455,4.6,KXWCGAME-26JUN25TURUSA-USA
2026-06-26,Norway v France,France,away,0.603,0.445,0.745,67.4,KXWCGAME-26JUN26NORFRA-FRA
2026-06-26,Senegal v Iraq,Senegal,home,0.57,0.655,0.805,22.9,KXWCGAME-26JUN26SENIRQ-SEN
2026-06-27,Cape Verde v Saudi Arabia,Saudi Arabia,away,0.385,0.445,0.355,-20.2,KXWCGAME-26JUN26CPVKSA-KSA
2026-06-27,Uruguay v Spain,Spain,away,0.538,0.445,0.575,29.2,KXWCGAME-26JUN26URUESP-ESP
2026-06-27,New Zealand v Belgium,Belgium,away,0.756,0.445,0.825,85.4,KXWCGAME-26JUN26NZLBEL-BEL
2026-06-27,Croatia v Ghana,Croatia,home,0.638,0.445,0.545,22.5,KXWCGAME-26JUN27CROGHA-CRO
2026-06-27,Panama v England,England,away,0.81,0.445,0.855,92.1,KXWCGAME-26JUN27PANENG-ENG
2026-06-27,Colombia v Portugal,Portugal,away,0.375,0.445,0.545,22.5,KXWCGAME-26JUN27COLPOR-POR
2026-06-27,Congo DR v Uzbekistan,Uzbekistan,away,0.374,0.465,0.175,-62.4,KXWCGAME-26JUN27CODUZB-UZB
2026-06-28,Algeria v Austria,Austria,away,0.368,0.445,0.275,-38.2,KXWCGAME-26JUN27DZAAUT-AUT
2026-06-28,Jordan v Argentina,Argentina,away,0.888,0.445,0.865,94.4,KXWCGAME-26JUN27JORARG-ARG
2026-06-28,South Africa v Canada,Canada,away,0.535,0.33,0.525,59.1,KXWCGAME-26JUN28RSACAN-CAN
2026-06-29,Brazil v Japan,Brazil,home,0.615,0.585,0.545,-6.8,KXWCGAME-26JUN29BRAJPN-BRA
2026-06-29,Germany v Paraguay,Germany,home,0.645,0.69,0.735,6.5,KXWCGAME-26JUN29GERPAR-GER
2026-06-30,Netherlands v Morocco,Netherlands,home,0.399,0.455,0.405,-11.0,KXWCGAME-26JUN29NEDMAR-NED
2026-06-30,Ivory Coast v Norway,Norway,away,0.419,0.485,0.445,-8.2,KXWCGAME-26JUN30CIVNOR-NOR
2026-06-30,France v Sweden,France,home,0.643,0.705,0.765,8.5,KXWCGAME-26JUN30FRASWE-FRA
2026-07-01,Mexico v Ecuador,Ecuador,away,0.379,0.245,0.225,-8.2,KXWCGAME-26JUN30MEXECU-ECU
2026-07-01,England v Congo DR,England,home,0.749,0.755,0.765,1.3,KXWCGAME-26JUL01ENGCOD-ENG
2026-07-01,Belgium v Senegal,Belgium,home,0.531,0.455,0.505,11.0,KXWCGAME-26JUL01BELSEN-BEL
2026-07-02,Spain v Austria,Spain,home,0.743,0.755,0.725,-4.0,KXWCGAME-26JUL02ESPAUT-ESP
2026-07-02,Portugal v Croatia,Portugal,home,0.528,0.51,0.585,14.7,KXWCGAME-26JUL02PORCRO-POR
2026-07-03,Switzerland v Algeria,Switzerland,home,0.47,0.485,0.495,2.1,KXWCGAME-26JUL02SUIDZA-SUI
2026-07-03,Australia v Egypt,Australia,home,0.403,0.29,0.265,-8.6,KXWCGAME-26JUL03AUSEGY-AUS
2026-07-03,Argentina v Cape Verde,Argentina,home,0.882,0.865,0.865,0.0,KXWCGAME-26JUL03ARGCPV-ARG
2026-07-04,Colombia v Ghana,Colombia,home,0.739,0.425,0.675,58.8,KXWCGAME-26JUL03COLGHA-COL
2026-07-04,Canada v Morocco,Morocco,away,0.469,0.535,0.535,0.0,KXWCGAME-26JUL04CANMAR-MAR
2026-07-04,Paraguay v France,France,away,0.64,0.825,0.815,-1.2,KXWCGAME-26JUL04PARFRA-FRA
2026-07-05,Brazil v Norway,Brazil,home,0.703,0.505,0.545,7.9,KXWCGAME-26JUL05BRANOR-BRA
2026-07-06,Mexico v England,England,away,0.562,0.375,0.375,0.0,KXWCGAME-26JUL05MEXENG-ENG
2026-07-06,Portugal v Spain,Spain,away,0.483,0.515,0.505,-1.9,KXWCGAME-26JUL06PORESP-ESP
2026-07-07,United States v Belgium,Belgium,away,0.557,0.365,0.345,-5.5,KXWCGAME-26JUL06USABEL-BEL
2026-07-07,Argentina v Egypt,Argentina,home,0.723,0.725,0.735,1.4,KXWCGAME-26JUL07ARGEGY-ARG
2026-07-07,Switzerland v Colombia,Colombia,away,0.502,0.435,0.405,-6.9,KXWCGAME-26JUL07SUICOL-COL
2026-07-09,France v Morocco,France,home,0.443,0.625,0.615,-1.6,KXWCGAME-26JUL09FRAMAR-FRA
2026-07-10,Spain v Belgium,Spain,home,0.562,0.605,0.585,-3.3,KXWCGAME-26JUL10ESPBEL-ESP
2026-07-11,Norway v England,England,away,0.619,0.515,0.535,3.9,KXWCGAME-26JUL11NORENG-ENG
2026-07-12,Argentina v Switzerland,Argentina,home,0.642,0.565,0.565,0.0,KXWCGAME-26JUL11ARGSUI-ARG
2026-07-14,France v Spain,Spain,away,0.46,0.305,0.305,0.0,KXWCGAME-26JUL14FRAESP-ESP
2026-07-15,England v Argentina,Argentina,away,0.414,0.305,0.315,3.3,KXWCGAME-26JUL15ENGARG-ARG
