date,team,opponent,home_away,goals,possessionPct,totalShots,shotsOnTarget,wonCorners,foulsCommitted,offsides,totalPasses,accuratePasses,yellowCards,redCards,saves,totalTackles,interceptions
2026-06-11,Mexico,South Africa,home,2,60.5,16,4,3,12,1,520,467,1,1,2,12,8
2026-06-11,South Africa,Mexico,away,0,39.5,3,2,1,11,1,334,272,2,2,2,14,7
2026-06-12,South Korea,Czechia,home,2,61.5,15,6,4,9,2,541,469,1,0,3,7,9
2026-06-12,Czechia,South Korea,away,1,38.5,7,4,5,16,2,327,230,0,0,4,9,6
2026-06-12,Canada,Bosnia-Herzegovina,home,1,61.1,13,4,9,10,1,421,310,2,0,2,23,4
2026-06-12,Bosnia-Herzegovina,Canada,away,1,38.9,8,3,4,20,0,271,172,3,0,1,20,11
2026-06-13,United States,Paraguay,home,4,65.3,16,6,3,13,2,598,509,1,0,1,9,9
2026-06-13,Paraguay,United States,away,1,34.7,9,1,1,17,1,319,232,5,0,3,21,10
2026-06-13,Qatar,Switzerland,home,1,32,6,3,3,12,0,278,200,2,0,5,14,11
2026-06-13,Switzerland,Qatar,away,1,68,26,7,10,11,1,576,527,1,0,3,8,7
2026-06-13,Brazil,Morocco,home,1,51.4,12,5,6,16,0,514,449,2,0,2,23,5
2026-06-13,Morocco,Brazil,away,1,48.6,14,3,2,14,1,486,419,0,0,4,26,5
2026-06-14,Haiti,Scotland,home,0,53.7,15,2,4,23,3,431,367,1,0,1,12,6
2026-06-14,Scotland,Haiti,away,1,46.3,9,2,3,21,1,374,307,3,0,2,12,6
2026-06-14,Australia,Türkiye,home,2,28.4,9,4,5,12,1,271,201,0,0,8,15,7
2026-06-14,Türkiye,Australia,away,0,71.6,30,8,8,4,3,704,635,1,0,2,12,4
2026-06-14,Germany,Curaçao,home,7,64.6,26,12,8,18,0,637,554,0,0,1,19,12
2026-06-14,Curaçao,Germany,away,1,35.4,8,2,1,11,1,343,282,0,0,4,16,16
2026-06-14,Netherlands,Japan,home,2,59.8,10,6,5,7,1,524,463,3,0,1,11,7
2026-06-14,Japan,Netherlands,away,2,40.2,10,3,4,7,0,341,286,0,0,4,11,4
2026-06-14,Ivory Coast,Ecuador,home,1,48.4,15,4,3,10,0,470,397,3,0,1,14,11
2026-06-14,Ecuador,Ivory Coast,away,0,51.6,12,1,6,13,0,492,419,1,0,3,21,13
2026-06-15,Sweden,Tunisia,home,5,48.7,13,7,4,10,3,356,278,0,0,1,14,6
2026-06-15,Tunisia,Sweden,away,1,51.3,6,2,2,8,6,371,292,1,0,1,21,6
2026-06-15,Spain,Cape Verde,home,0,74.3,27,7,11,10,2,800,734,1,0,1,13,6
2026-06-15,Cape Verde,Spain,away,0,25.7,6,1,1,1,3,278,205,1,0,7,18,15
2026-06-15,Belgium,Egypt,home,1,53.6,15,3,2,15,0,455,391,2,0,2,17,10
2026-06-15,Egypt,Belgium,away,1,46.4,14,3,7,15,1,398,323,2,0,3,28,16
2026-06-15,Saudi Arabia,Uruguay,home,1,33.2,7,3,4,11,0,322,236,1,0,9,11,9
2026-06-15,Uruguay,Saudi Arabia,away,1,66.8,27,10,14,6,6,612,540,0,0,2,3,10
2026-06-16,Iran,New Zealand,home,2,48.5,17,4,4,10,2,409,314,1,0,6,17,11
2026-06-16,New Zealand,Iran,away,2,51.5,14,8,1,8,0,446,376,0,0,2,13,15
2026-06-16,France,Senegal,home,3,53.4,11,8,6,5,1,575,505,0,0,2,19,7
2026-06-16,Senegal,France,away,1,46.6,6,2,4,9,3,502,430,0,0,5,14,8
2026-06-16,Iraq,Norway,home,1,38.7,11,1,2,12,1,334,271,1,0,2,19,5
2026-06-16,Norway,Iraq,away,4,61.3,12,5,5,13,0,537,477,0,0,0,15,2
2026-06-17,Argentina,Algeria,home,3,47.8,10,6,2,13,3,561,504,0,0,0,27,10
2026-06-17,Algeria,Argentina,away,0,52.2,7,1,2,8,1,609,563,0,0,3,17,8
2026-06-17,Austria,Jordan,home,3,63.2,11,4,4,12,3,580,487,1,0,3,17,15
2026-06-17,Jordan,Austria,away,1,36.8,11,4,3,7,1,332,241,0,0,1,15,12
2026-06-17,Portugal,Congo DR,home,1,75.4,7,1,5,9,3,783,724,3,0,1,12,3
2026-06-17,Congo DR,Portugal,away,1,24.6,8,2,4,10,2,249,195,1,0,0,17,5
2026-06-17,England,Croatia,home,4,51.7,22,11,8,10,0,474,406,0,0,3,9,7
2026-06-17,Croatia,England,away,2,48.3,10,5,2,12,1,443,381,0,0,7,11,9
2026-06-17,Ghana,Panama,home,1,38,7,2,2,9,4,352,292,1,0,4,16,8
2026-06-17,Panama,Ghana,away,0,62,11,4,2,11,1,583,503,2,0,2,29,5
2026-06-18,Uzbekistan,Colombia,home,1,38.6,8,2,3,14,0,319,243,1,0,1,10,7
2026-06-18,Colombia,Uzbekistan,away,3,61.4,15,4,4,11,3,519,444,1,0,1,10,6
2026-06-18,Czechia,South Africa,home,1,38.3,14,3,5,12,2,341,272,1,0,3,12,9
2026-06-18,South Africa,Czechia,away,1,61.7,17,4,5,10,3,563,508,2,0,2,20,9
2026-06-18,Switzerland,Bosnia-Herzegovina,home,4,62.3,13,7,7,7,3,586,516,1,0,2,19,5
2026-06-18,Bosnia-Herzegovina,Switzerland,away,1,37.7,5,3,3,18,1,354,287,2,1,3,13,11
2026-06-18,Canada,Qatar,home,6,79,32,10,19,9,1,567,515,1,0,0,9,6
2026-06-18,Qatar,Canada,away,0,21,2,0,1,10,1,162,104,1,2,4,16,10
2026-06-19,Mexico,South Korea,home,1,42.4,8,4,1,9,3,427,349,0,0,2,14,6
2026-06-19,South Korea,Mexico,away,0,57.6,9,2,2,7,6,578,488,2,0,3,17,5
2026-06-19,United States,Australia,home,2,61.9,10,2,7,12,1,523,444,3,0,2,20,20
2026-06-19,Australia,United States,away,0,38.1,5,2,4,16,0,310,219,4,0,1,13,6
2026-06-19,Scotland,Morocco,home,0,41.1,6,0,2,11,1,456,388,1,0,1,20,9
2026-06-19,Morocco,Scotland,away,1,58.9,12,2,5,8,0,670,600,1,0,0,10,5
2026-06-20,Brazil,Haiti,home,3,56.7,8,5,4,13,8,525,462,1,0,3,21,10
2026-06-20,Haiti,Brazil,away,0,43.3,7,3,4,14,4,399,332,3,0,2,16,9
2026-06-20,Türkiye,Paraguay,home,0,78.5,32,5,12,14,2,629,559,1,0,1,17,6
2026-06-20,Paraguay,Türkiye,away,1,21.5,7,2,0,15,3,178,96,1,1,5,25,9
2026-06-20,Netherlands,Sweden,home,5,50.9,10,7,2,9,3,449,398,0,0,7,15,8
2026-06-20,Sweden,Netherlands,away,1,49.1,16,8,5,12,3,425,361,3,0,2,18,5
2026-06-20,Germany,Ivory Coast,home,2,59.5,16,7,8,5,0,624,555,0,0,1,26,8
2026-06-20,Ivory Coast,Germany,away,1,40.5,9,2,3,7,1,431,367,0,0,5,20,13
2026-06-21,Ecuador,Curaçao,home,0,74.6,27,15,9,7,1,644,581,1,0,3,19,7
2026-06-21,Curaçao,Ecuador,away,0,25.4,10,3,0,10,2,227,159,5,0,15,17,8
2026-06-21,Tunisia,Japan,home,0,37.9,2,0,3,8,1,354,284,0,0,1,18,14
2026-06-21,Japan,Tunisia,away,4,62.1,11,5,5,15,1,583,521,0,0,0,18,7
2026-06-21,Spain,Saudi Arabia,home,4,67.1,22,8,6,10,2,726,668,0,0,1,10,13
2026-06-21,Saudi Arabia,Spain,away,0,32.9,3,1,1,2,3,364,294,2,0,5,15,13
2026-06-21,Belgium,Iran,home,0,70.1,23,7,4,7,3,621,533,1,1,3,12,3
2026-06-21,Iran,Belgium,away,0,29.9,7,3,2,9,4,270,198,1,0,7,19,12
2026-06-21,Uruguay,Cape Verde,home,2,65.2,17,2,11,11,3,511,420,2,0,2,16,7
2026-06-21,Cape Verde,Uruguay,away,2,34.8,12,4,4,4,0,278,205,2,0,0,16,13
2026-06-22,New Zealand,Egypt,home,1,44.4,11,5,4,14,3,421,337,2,0,4,12,4
2026-06-22,Egypt,New Zealand,away,3,55.6,19,7,4,8,0,526,460,1,0,4,16,6
2026-06-22,Argentina,Austria,home,2,53.6,12,5,1,13,2,554,494,2,0,1,21,8
2026-06-22,Austria,Argentina,away,0,46.4,6,1,3,13,0,468,401,2,0,2,12,9
2026-06-22,France,Iraq,home,3,55.6,19,5,4,8,1,603,540,0,0,0,14,5
2026-06-22,Iraq,France,away,0,44.4,4,0,2,4,0,481,413,1,0,2,16,10
2026-06-23,Norway,Senegal,home,3,41.7,13,7,5,13,0,353,282,0,0,2,10,8
2026-06-23,Senegal,Norway,away,2,58.3,16,4,4,5,4,489,430,0,0,3,16,10
