team,games,avg_possessionPct,avg_totalShots,avg_shotsOnTarget,avg_wonCorners,avg_foulsCommitted,avg_offsides,avg_totalPasses,avg_accuratePasses,avg_yellowCards,avg_redCards,avg_saves,avg_totalTackles,avg_interceptions
Portugal,1,75.4,7.0,1.0,5.0,9.0,3.0,783.0,724.0,3.0,0.0,1.0,12.0,3.0
Türkiye,2,75.0,31.0,6.5,10.0,9.0,2.5,666.5,597.0,1.0,0.0,1.5,14.5,5.0
Spain,2,70.7,24.5,7.5,8.5,10.0,2.0,763.0,701.0,0.5,0.0,1.0,11.5,9.5
Canada,2,70.0,22.5,7.0,14.0,9.5,1.0,494.0,412.5,1.5,0.0,1.0,16.0,5.0
Uruguay,2,66.0,22.0,6.0,12.5,8.5,4.5,561.5,480.0,1.0,0.0,2.0,9.5,8.5
Switzerland,2,65.2,19.5,7.0,8.5,9.0,2.0,581.0,521.5,1.0,0.0,2.5,13.5,6.0
United States,2,63.6,13.0,4.0,5.0,12.5,1.5,560.5,476.5,2.0,0.0,1.5,14.5,14.5
Ecuador,2,63.1,19.5,8.0,7.5,10.0,0.5,568.0,500.0,1.0,0.0,3.0,20.0,10.0
Germany,2,62.0,21.0,9.5,8.0,11.5,0.0,630.5,554.5,0.0,0.0,1.0,22.5,10.0
Panama,1,62.0,11.0,4.0,2.0,11.0,1.0,583.0,503.0,2.0,0.0,2.0,29.0,5.0
Belgium,2,61.8,19.0,5.0,3.0,11.0,1.5,538.0,462.0,1.5,0.5,2.5,14.5,6.5
Colombia,1,61.4,15.0,4.0,4.0,11.0,3.0,519.0,444.0,1.0,0.0,1.0,10.0,6.0
South Korea,2,59.5,12.0,4.0,3.0,8.0,4.0,559.5,478.5,1.5,0.0,3.0,12.0,7.0
Netherlands,2,55.3,10.0,6.5,3.5,8.0,2.0,486.5,430.5,1.5,0.0,4.0,13.0,7.5
Austria,2,54.8,8.5,2.5,3.5,12.5,1.5,524.0,444.0,1.5,0.0,2.5,14.5,12.0
France,2,54.5,15.0,6.5,5.0,6.5,1.0,589.0,522.5,0.0,0.0,1.0,16.5,6.0
Brazil,2,54.0,10.0,5.0,5.0,14.5,4.0,519.5,455.5,1.5,0.0,2.5,22.0,7.5
Morocco,2,53.8,13.0,2.5,3.5,11.0,0.5,578.0,509.5,0.5,0.0,2.0,18.0,5.0
Senegal,2,52.5,11.0,3.0,4.0,7.0,3.5,495.5,430.0,0.0,0.0,4.0,15.0,9.0
Algeria,1,52.2,7.0,1.0,2.0,8.0,1.0,609.0,563.0,0.0,0.0,3.0,17.0,8.0
England,1,51.7,22.0,11.0,8.0,10.0,0.0,474.0,406.0,0.0,0.0,3.0,9.0,7.0
Mexico,2,51.5,12.0,4.0,2.0,10.5,2.0,473.5,408.0,0.5,0.5,2.0,13.0,7.0
Norway,2,51.5,12.5,6.0,5.0,13.0,0.0,445.0,379.5,0.0,0.0,1.0,12.5,5.0
Japan,2,51.2,10.5,4.0,4.5,11.0,0.5,462.0,403.5,0.0,0.0,2.0,14.5,5.5
Egypt,2,51.0,16.5,5.0,5.5,11.5,0.5,462.0,391.5,1.5,0.0,3.5,22.0,11.0
Argentina,2,50.7,11.0,5.5,1.5,13.0,2.5,557.5,499.0,1.0,0.0,0.5,24.0,9.0
South Africa,2,50.6,10.0,3.0,3.0,10.5,2.0,448.5,390.0,2.0,1.0,2.0,17.0,8.0
Sweden,2,48.9,14.5,7.5,4.5,11.0,3.0,390.5,319.5,1.5,0.0,1.5,16.0,5.5
Haiti,2,48.5,11.0,2.5,4.0,18.5,3.5,415.0,349.5,2.0,0.0,1.5,14.0,7.5
Croatia,1,48.3,10.0,5.0,2.0,12.0,1.0,443.0,381.0,0.0,0.0,7.0,11.0,9.0
New Zealand,2,48.0,12.5,6.5,2.5,11.0,1.5,433.5,356.5,1.0,0.0,3.0,12.5,9.5
Tunisia,2,44.6,4.0,1.0,2.5,8.0,3.5,362.5,288.0,0.5,0.0,1.0,19.5,10.0
Ivory Coast,2,44.5,12.0,3.0,3.0,8.5,0.5,450.5,382.0,1.5,0.0,3.0,17.0,12.0
Scotland,2,43.7,7.5,1.0,2.5,16.0,1.0,415.0,347.5,2.0,0.0,1.5,16.0,7.5
Iraq,2,41.5,7.5,0.5,2.0,8.0,0.5,407.5,342.0,1.0,0.0,2.0,17.5,7.5
Iran,2,39.2,12.0,3.5,3.0,9.5,3.0,339.5,256.0,1.0,0.0,6.5,18.0,11.5
Uzbekistan,1,38.6,8.0,2.0,3.0,14.0,0.0,319.0,243.0,1.0,0.0,1.0,10.0,7.0
Czechia,2,38.4,10.5,3.5,5.0,14.0,2.0,334.0,251.0,0.5,0.0,3.5,10.5,7.5
Bosnia-Herzegovina,2,38.3,6.5,3.0,3.5,19.0,0.5,312.5,229.5,2.5,0.5,2.0,16.5,11.0
Ghana,1,38.0,7.0,2.0,2.0,9.0,4.0,352.0,292.0,1.0,0.0,4.0,16.0,8.0
Jordan,1,36.8,11.0,4.0,3.0,7.0,1.0,332.0,241.0,0.0,0.0,1.0,15.0,12.0
Australia,2,33.2,7.0,3.0,4.5,14.0,0.5,290.5,210.0,2.0,0.0,4.5,14.0,6.5
Saudi Arabia,2,33.0,5.0,2.0,2.5,6.5,1.5,343.0,265.0,1.5,0.0,7.0,13.0,11.0
Curaçao,2,30.4,9.0,2.5,0.5,10.5,1.5,285.0,220.5,2.5,0.0,9.5,16.5,12.0
Cape Verde,2,30.2,9.0,2.5,2.5,2.5,1.5,278.0,205.0,1.5,0.0,3.5,17.0,14.0
Paraguay,2,28.1,8.0,1.5,0.5,16.0,2.0,248.5,164.0,3.0,0.5,4.0,23.0,9.5
Qatar,2,26.5,4.0,1.5,2.0,11.0,0.5,220.0,152.0,1.5,1.0,4.5,15.0,10.5
Congo DR,1,24.6,8.0,2.0,4.0,10.0,2.0,249.0,195.0,1.0,0.0,0.0,17.0,5.0
