country,group,confederation,fifa_rank,P_advance_group,P_reach_R16,P_reach_QF,P_reach_SF,P_reach_final,P_win_cup,expected_finish_round
Argentina,J,CONMEBOL,2,0.9998,0.8398,0.6648,0.4809,0.2994,0.1898,3.475
Spain,H,UEFA,1,1.0,0.784,0.5713,0.453,0.3065,0.179,3.294
Brazil,C,CONMEBOL,5,1.0,0.7467,0.593,0.3967,0.2435,0.1544,3.134
England,L,UEFA,4,0.9993,0.7722,0.5473,0.3136,0.1663,0.0908,2.889
France,I,UEFA,3,0.9986,0.7738,0.4461,0.2753,0.1449,0.0703,2.709
Germany,E,UEFA,9,1.0,0.8316,0.4696,0.2778,0.1338,0.0544,2.767
Portugal,K,UEFA,6,0.8848,0.6456,0.3745,0.2134,0.1112,0.0537,2.283
Colombia,K,CONMEBOL,13,0.9917,0.7369,0.4587,0.2258,0.1101,0.0519,2.575
Netherlands,F,UEFA,7,1.0,0.4622,0.3118,0.1527,0.0683,0.0274,2.022
Belgium,G,UEFA,8,0.9075,0.6283,0.3045,0.1448,0.0666,0.0263,2.078
Morocco,C,CAF,11,1.0,0.4936,0.2957,0.1298,0.0539,0.0188,1.992
Uruguay,H,CONMEBOL,16,0.5074,0.295,0.1676,0.0816,0.037,0.0141,1.103
Mexico,A,CONCACAF,15,1.0,0.6284,0.2353,0.087,0.0295,0.0098,1.99
Japan,F,AFC,18,1.0,0.4089,0.2169,0.0838,0.0292,0.0091,1.748
Switzerland,B,UEFA,17,1.0,0.6091,0.2478,0.0844,0.0288,0.0083,1.978
United States,D,CONCACAF,14,1.0,0.6703,0.3365,0.0923,0.0308,0.0075,2.137
Croatia,L,UEFA,10,0.8512,0.3624,0.1313,0.0617,0.0226,0.0065,1.436
Norway,I,UEFA,29,0.9818,0.5375,0.1735,0.0565,0.0166,0.004,1.77
Canada,B,CONCACAF,27,1.0,0.5329,0.1866,0.0518,0.0146,0.0038,1.79
Ecuador,E,CONMEBOL,23,0.2781,0.1491,0.0656,0.0238,0.0085,0.0032,0.528
Senegal,I,CAF,19,0.6673,0.3253,0.1188,0.0337,0.0094,0.0024,1.157
Australia,D,AFC,26,0.9295,0.3647,0.0905,0.0315,0.0087,0.0022,1.427
Iran,G,AFC,20,0.7326,0.3201,0.1068,0.0305,0.0085,0.0019,1.2
Austria,J,UEFA,24,0.9455,0.2646,0.1059,0.0329,0.0086,0.0018,1.359
Sweden,F,UEFA,38,0.9474,0.3505,0.1206,0.0294,0.0074,0.0016,1.457
South Korea,A,AFC,22,0.9419,0.3761,0.1188,0.0321,0.0084,0.0015,1.479
Egypt,G,CAF,34,1.0,0.397,0.1321,0.0302,0.0069,0.0014,1.568
Ivory Coast,E,CAF,42,0.9723,0.3819,0.0881,0.0242,0.0058,0.0013,1.474
Algeria,J,CAF,35,0.6548,0.1806,0.0746,0.0196,0.0053,0.0012,0.936
Paraguay,D,CONMEBOL,39,0.7712,0.2216,0.0568,0.0155,0.0037,0.0008,1.07
Scotland,C,UEFA,36,0.7365,0.193,0.0432,0.0095,0.0019,0.0004,0.984
Czech Republic,A,UEFA,40,0.189,0.0514,0.0144,0.0022,0.0005,0.0001,0.258
Turkey,D,UEFA,27,0.1249,0.0288,0.0097,0.0026,0.0006,0.0001,0.167
Uzbekistan,K,AFC,50,0.3335,0.0759,0.0182,0.0046,0.0006,0.0001,0.433
DR Congo,K,CAF,46,0.4374,0.0979,0.0194,0.0038,0.0004,0.0001,0.559
South Africa,A,CAF,61,0.1961,0.0431,0.0069,0.0009,0.0001,0.0,0.247
Qatar,B,AFC,51,0.3036,0.0307,0.005,0.0004,0.0,0.0,0.34
Bosnia and Herzegovina,B,UEFA,64,0.4499,0.0694,0.0142,0.0017,0.0002,0.0,0.535
Haiti,C,CONCACAF,84,0.0167,0.0018,0.0001,0.0,0.0,0.0,0.019
Curaçao,E,CONCACAF,82,0.0772,0.0051,0.0001,0.0,0.0,0.0,0.082
Tunisia,F,CAF,40,0.0001,0.0,0.0,0.0,0.0,0.0,0.0
New Zealand,G,OFC,86,0.0936,0.0253,0.003,0.0005,0.0,0.0,0.122
Cape Verde,H,CAF,68,0.6164,0.0571,0.0097,0.001,0.0001,0.0,0.684
Saudi Arabia,H,AFC,60,0.392,0.042,0.009,0.0014,0.0001,0.0,0.444
Iraq,I,AFC,57,0.0934,0.0211,0.004,0.0004,0.0,0.0,0.119
Jordan,J,AFC,66,0.1048,0.0173,0.0037,0.0004,0.0,0.0,0.126
Ghana,L,CAF,72,0.7494,0.1298,0.0246,0.0038,0.0006,0.0,0.908
Panama,L,CONCACAF,30,0.1228,0.0195,0.0037,0.0006,0.0,0.0,0.147
