date,match,team,player,exp_min,player_xG,P_to_score,P_2plus
2026-06-27,Algeria v Austria,Algeria,Melvin Mastil,8,0.0,0.0,0.0
2026-06-27,Algeria v Austria,Algeria,Aissa Mandi,28,0.002,0.002,0.0
2026-06-27,Algeria v Austria,Algeria,Achref Abada,8,0.004,0.004,0.0
2026-06-27,Algeria v Austria,Algeria,Mohamed Amine Tougai,8,0.004,0.004,0.0
2026-06-27,Algeria v Austria,Algeria,Zineddine Belaid,8,0.004,0.004,0.0
2026-06-27,Algeria v Austria,Algeria,Ramiz Zerrouki,8,0.004,0.004,0.0
2026-06-27,Algeria v Austria,Algeria,Riyad Mahrez,82,0.257,0.227,0.028
2026-06-27,Algeria v Austria,Algeria,Houssem Aouar,82,0.105,0.1,0.005
2026-06-27,Algeria v Austria,Algeria,Amine Gouiri,82,0.307,0.265,0.039
2026-06-27,Algeria v Austria,Algeria,Fares Chaibi,82,0.055,0.053,0.001
2026-06-27,Algeria v Austria,Algeria,Anis Hadj Moussa,82,0.099,0.095,0.005
2026-06-27,Algeria v Austria,Algeria,Nadhir Benbouali,8,0.004,0.004,0.0
2026-06-27,Algeria v Austria,Algeria,Jaouen Hadjam,82,0.012,0.012,0.0
2026-06-27,Algeria v Austria,Algeria,Hicham Boudaoui,82,0.055,0.053,0.001
2026-06-27,Algeria v Austria,Algeria,Rayan Ait-Nouri,82,0.003,0.003,0.0
2026-06-27,Algeria v Austria,Algeria,Oussama Benbot,8,0.004,0.004,0.0
2026-06-27,Algeria v Austria,Algeria,Rafik Belghali,8,0.004,0.004,0.0
2026-06-27,Algeria v Austria,Algeria,Mohamed Amoura,82,0.305,0.263,0.038
2026-06-27,Algeria v Austria,Algeria,Nabil Bentaleb,28,0.015,0.015,0.0
2026-06-27,Algeria v Austria,Algeria,Adil Boulbina,8,0.004,0.004,0.0
2026-06-27,Algeria v Austria,Algeria,Ramy Bensebaini,82,0.01,0.01,0.0
2026-06-27,Algeria v Austria,Algeria,Ibrahim Maza,82,0.055,0.053,0.001
2026-06-27,Algeria v Austria,Algeria,Luca Zidane,28,0.0,0.0,0.0
2026-06-27,Algeria v Austria,Algeria,Yacine Titraoui,8,0.004,0.004,0.0
2026-06-27,Algeria v Austria,Algeria,Fares Ghedjemis,28,0.034,0.033,0.001
2026-06-27,Algeria v Austria,Algeria,Samir Chergui,28,0.004,0.004,0.0
2026-06-27,Algeria v Austria,Austria,Alexander Schlager,8,0.0,0.0,0.0
2026-06-27,Algeria v Austria,Austria,David Affengruber,28,0.008,0.008,0.0
2026-06-27,Algeria v Austria,Austria,Kevin Danso,82,0.004,0.004,0.0
2026-06-27,Algeria v Austria,Austria,Xaver Schlager,82,0.084,0.081,0.003
2026-06-27,Algeria v Austria,Austria,Stefan Posch,82,0.011,0.011,0.0
2026-06-27,Algeria v Austria,Austria,Nicolas Seiwald,82,0.11,0.104,0.006
2026-06-27,Algeria v Austria,Austria,Marko Arnautovic,8,0.052,0.051,0.001
2026-06-27,Algeria v Austria,Austria,David Alaba,28,0.009,0.009,0.0
2026-06-27,Algeria v Austria,Austria,Marcel Sabitzer,28,0.072,0.069,0.002
2026-06-27,Algeria v Austria,Austria,Florian Grillitsch,8,0.002,0.002,0.0
2026-06-27,Algeria v Austria,Austria,Michael Gregoritsch,8,0.049,0.048,0.001
2026-06-27,Algeria v Austria,Austria,Florian Wiegele,8,0.008,0.008,0.0
2026-06-27,Algeria v Austria,Austria,Patrick Pentz,8,0.0,0.0,0.0
2026-06-27,Algeria v Austria,Austria,Sasa Kalajdzic,28,0.109,0.103,0.006
2026-06-27,Algeria v Austria,Austria,Philipp Lienhart,82,0.019,0.019,0.0
2026-06-27,Algeria v Austria,Austria,Phillipp Mwene,8,0.0,0.0,0.0
2026-06-27,Algeria v Austria,Austria,Carney Chukwuemeka,82,0.335,0.285,0.045
2026-06-27,Algeria v Austria,Austria,Romano Schmid,82,0.11,0.104,0.006
2026-06-27,Algeria v Austria,Austria,Dejan Ljubicic,8,0.003,0.003,0.0
2026-06-27,Algeria v Austria,Austria,Konrad Laimer,82,0.021,0.021,0.0
2026-06-27,Algeria v Austria,Austria,Patrick Wimmer,82,0.199,0.181,0.017
2026-06-27,Algeria v Austria,Austria,Alexander Prass,28,0.008,0.008,0.0
2026-06-27,Algeria v Austria,Austria,Marco Friedl,82,0.024,0.024,0.0
2026-06-27,Algeria v Austria,Austria,Paul Wanner,82,0.11,0.104,0.006
2026-06-27,Algeria v Austria,Austria,Michael Svoboda,8,0.002,0.002,0.0
2026-06-27,Algeria v Austria,Austria,Alessandro Schopf,8,0.011,0.011,0.0
2026-06-27,Jordan v Argentina,Jordan,Yazeed Abulaila,82,0.032,0.031,0.001
2026-06-27,Jordan v Argentina,Jordan,Mohammad Abu Hashish,82,0.032,0.031,0.001
2026-06-27,Jordan v Argentina,Jordan,Abdallah Nasib,82,0.032,0.031,0.001
2026-06-27,Jordan v Argentina,Jordan,Husam Abu Dahab,82,0.032,0.031,0.001
2026-06-27,Jordan v Argentina,Jordan,Yazan Arab,82,0.032,0.031,0.001
2026-06-27,Jordan v Argentina,Jordan,Amer Jamous,82,0.032,0.031,0.001
2026-06-27,Jordan v Argentina,Jordan,Mohammad Abu Zrayq,82,0.032,0.031,0.001
2026-06-27,Jordan v Argentina,Jordan,Noor Rawabdeh,82,0.032,0.031,0.001
2026-06-27,Jordan v Argentina,Jordan,Ali Olwan,82,0.032,0.031,0.001
2026-06-27,Jordan v Argentina,Jordan,Musa Taamari,82,0.032,0.031,0.001
2026-06-27,Jordan v Argentina,Jordan,Odeh Fakhouri,28,0.011,0.011,0.0
2026-06-27,Jordan v Argentina,Jordan,Nour Bani Attiah,28,0.011,0.011,0.0
2026-06-27,Jordan v Argentina,Jordan,Mahmoud Mardi,28,0.011,0.011,0.0
2026-06-27,Jordan v Argentina,Jordan,Rajaei Ayed,82,0.004,0.004,0.0
2026-06-27,Jordan v Argentina,Jordan,Ibrahim Sadeh,28,0.011,0.011,0.0
2026-06-27,Jordan v Argentina,Jordan,Mo Abualnadi,28,0.011,0.011,0.0
2026-06-27,Jordan v Argentina,Jordan,Salim Obaid,8,0.003,0.003,0.0
2026-06-27,Jordan v Argentina,Jordan,Mohammad Taha,8,0.003,0.003,0.0
2026-06-27,Jordan v Argentina,Jordan,Saed Rosan,8,0.003,0.003,0.0
2026-06-27,Jordan v Argentina,Jordan,Mohannad Abu Taha,8,0.003,0.003,0.0
2026-06-27,Jordan v Argentina,Jordan,Nizar Rashdan,8,0.003,0.003,0.0
2026-06-27,Jordan v Argentina,Jordan,Abdallah Fakhouri,8,0.003,0.003,0.0
2026-06-27,Jordan v Argentina,Jordan,Ihsan Haddad,8,0.003,0.003,0.0
2026-06-27,Jordan v Argentina,Jordan,Ali Azaizeh,8,0.003,0.003,0.0
2026-06-27,Jordan v Argentina,Jordan,Mohammad Dawoud,8,0.003,0.003,0.0
2026-06-27,Jordan v Argentina,Jordan,Anas Badawi,8,0.003,0.003,0.0
2026-06-27,Jordan v Argentina,Argentina,Juan Musso,8,0.0,0.0,0.0
2026-06-27,Jordan v Argentina,Argentina,Marcos Senesi,28,0.018,0.018,0.0
2026-06-27,Jordan v Argentina,Argentina,Nicolas Tagliafico,8,0.001,0.001,0.0
2026-06-27,Jordan v Argentina,Argentina,Gonzalo Montiel,8,0.001,0.001,0.0
2026-06-27,Jordan v Argentina,Argentina,Leandro Paredes,8,0.008,0.008,0.0
2026-06-27,Jordan v Argentina,Argentina,Lisandro Martinez,82,0.013,0.013,0.0
2026-06-27,Jordan v Argentina,Argentina,Rodrigo De Paul,28,0.013,0.012,0.0
2026-06-27,Jordan v Argentina,Argentina,Valentin Barco,8,0.005,0.005,0.0
2026-06-27,Jordan v Argentina,Argentina,Julian Alvarez,82,0.555,0.426,0.107
2026-06-27,Jordan v Argentina,Argentina,Lionel Messi,28,0.424,0.346,0.068
2026-06-27,Jordan v Argentina,Argentina,Giovani Lo Celso,8,0.006,0.006,0.0
2026-06-27,Jordan v Argentina,Argentina,Geronimo Rulli,8,0.0,0.0,0.0
2026-06-27,Jordan v Argentina,Argentina,Cristian Romero,82,0.019,0.018,0.0
2026-06-27,Jordan v Argentina,Argentina,Exequiel Palacios,82,0.017,0.016,0.0
2026-06-27,Jordan v Argentina,Argentina,Nicolas Gonzalez,8,0.01,0.01,0.0
2026-06-27,Jordan v Argentina,Argentina,Thiago Almada,82,0.259,0.228,0.028
2026-06-27,Jordan v Argentina,Argentina,Giuliano Simeone,82,0.287,0.249,0.034
2026-06-27,Jordan v Argentina,Argentina,Nico Paz,82,0.146,0.136,0.01
2026-06-27,Jordan v Argentina,Argentina,Nicolas Otamendi,8,0.001,0.001,0.0
2026-06-27,Jordan v Argentina,Argentina,Alexis Mac Allister,82,0.142,0.133,0.009
2026-06-27,Jordan v Argentina,Argentina,Jose Manuel Lopez,8,0.025,0.025,0.0
2026-06-27,Jordan v Argentina,Argentina,Lautaro Martinez,82,0.941,0.61,0.242
2026-06-27,Jordan v Argentina,Argentina,Emiliano Martinez,28,0.0,0.0,0.0
2026-06-27,Jordan v Argentina,Argentina,Enzo Fernandez,82,0.158,0.146,0.011
2026-06-27,Jordan v Argentina,Argentina,Facundo Medina,82,0.009,0.009,0.0
2026-06-27,Jordan v Argentina,Argentina,Nahuel Molina,28,0.011,0.011,0.0
2026-06-27,Colombia v Portugal,Colombia,David Ospina,8,0.0,0.0,0.0
2026-06-27,Colombia v Portugal,Colombia,Daniel Munoz,82,0.007,0.007,0.0
2026-06-27,Colombia v Portugal,Colombia,Jhon Lucumi,82,0.001,0.001,0.0
2026-06-27,Colombia v Portugal,Colombia,Santiago Arias,8,0.0,0.0,0.0
2026-06-27,Colombia v Portugal,Colombia,Kevin Castano,82,0.045,0.044,0.001
2026-06-27,Colombia v Portugal,Colombia,Richard Rios,82,0.045,0.044,0.001
2026-06-27,Colombia v Portugal,Colombia,Luis Diaz,82,0.189,0.172,0.016
2026-06-27,Colombia v Portugal,Colombia,Jorge Carrascal,28,0.014,0.014,0.0
2026-06-27,Colombia v Portugal,Colombia,Jhon Cordoba,82,0.196,0.178,0.017
2026-06-27,Colombia v Portugal,Colombia,James Rodriguez,8,0.009,0.009,0.0
2026-06-27,Colombia v Portugal,Colombia,Jhon Arias,82,0.068,0.066,0.002
2026-06-27,Colombia v Portugal,Colombia,Camilo Vargas,8,0.0,0.0,0.0
2026-06-27,Colombia v Portugal,Colombia,Yerry Mina,28,0.004,0.004,0.0
2026-06-27,Colombia v Portugal,Colombia,Gustavo Puerta,8,0.003,0.003,0.0
2026-06-27,Colombia v Portugal,Colombia,Juan Portilla,28,0.008,0.008,0.0
2026-06-27,Colombia v Portugal,Colombia,Jefferson Lerma,82,0.022,0.022,0.0
2026-06-27,Colombia v Portugal,Colombia,Johan Mojica,8,0.0,0.0,0.0
2026-06-27,Colombia v Portugal,Colombia,Willer Ditta,28,0.003,0.003,0.0
2026-06-27,Colombia v Portugal,Colombia,Cucho Hernandez,82,0.202,0.183,0.018
2026-06-27,Colombia v Portugal,Colombia,Juan Fernando Quintero,8,0.003,0.003,0.0
2026-06-27,Colombia v Portugal,Colombia,Jaminton Campaz,28,0.028,0.028,0.0
2026-06-27,Colombia v Portugal,Colombia,Deiver Machado,8,0.0,0.0,0.0
2026-06-27,Colombia v Portugal,Colombia,Davinson Sanchez,82,0.004,0.004,0.0
2026-06-27,Colombia v Portugal,Colombia,Alvaro Montero,8,0.008,0.008,0.0
2026-06-27,Colombia v Portugal,Colombia,Luis Suarez,82,0.286,0.249,0.034
2026-06-27,Colombia v Portugal,Colombia,Andres Gomez,8,0.003,0.003,0.0
2026-06-27,Colombia v Portugal,Portugal,Diogo Costa,82,0.0,0.0,0.0
2026-06-27,Colombia v Portugal,Portugal,Nelson Semedo,8,0.0,0.0,0.0
2026-06-27,Colombia v Portugal,Portugal,Ruben Dias,82,0.005,0.005,0.0
2026-06-27,Colombia v Portugal,Portugal,Tomas Araujo,28,0.001,0.001,0.0
2026-06-27,Colombia v Portugal,Portugal,Diogo Dalot,28,0.004,0.004,0.0
2026-06-27,Colombia v Portugal,Portugal,Matheus Nunes,28,0.022,0.021,0.0
2026-06-27,Colombia v Portugal,Portugal,Cristiano Ronaldo,8,0.056,0.055,0.002
2026-06-27,Colombia v Portugal,Portugal,Bruno Fernandes,82,0.15,0.139,0.01
2026-06-27,Colombia v Portugal,Portugal,Goncalo Ramos,82,0.387,0.321,0.058
2026-06-27,Colombia v Portugal,Portugal,Bernardo Silva,82,0.069,0.067,0.002
2026-06-27,Colombia v Portugal,Portugal,Joao Felix,8,0.02,0.02,0.0
2026-06-27,Colombia v Portugal,Portugal,Jose Sa,8,0.0,0.0,0.0
2026-06-27,Colombia v Portugal,Portugal,Renato Veiga,8,0.001,0.001,0.0
2026-06-27,Colombia v Portugal,Portugal,Goncalo Inacio,82,0.013,0.013,0.0
2026-06-27,Colombia v Portugal,Portugal,Joao Neves,82,0.013,0.013,0.0
2026-06-27,Colombia v Portugal,Portugal,Francisco Trincao,28,0.146,0.136,0.01
2026-06-27,Colombia v Portugal,Portugal,Rafael Leao,82,0.115,0.109,0.006
2026-06-27,Colombia v Portugal,Portugal,Pedro Neto,82,0.1,0.095,0.005
2026-06-27,Colombia v Portugal,Portugal,Goncalo Guedes,8,0.019,0.018,0.0
2026-06-27,Colombia v Portugal,Portugal,Joao Cancelo,8,0.002,0.002,0.0
2026-06-27,Colombia v Portugal,Portugal,Ruben Neves,8,0.0,0.0,0.0
2026-06-27,Colombia v Portugal,Portugal,Rui Silva,8,0.0,0.0,0.0
2026-06-27,Colombia v Portugal,Portugal,Vitinha,82,0.009,0.009,0.0
2026-06-27,Colombia v Portugal,Portugal,Samu Costa,8,0.007,0.007,0.0
2026-06-27,Colombia v Portugal,Portugal,Nuno Mendes,82,0.013,0.013,0.0
2026-06-27,Colombia v Portugal,Portugal,Francisco Conceicao,28,0.075,0.072,0.003
2026-06-27,DR Congo v Uzbekistan,DR Congo,Lionel Mpasi,8,0.005,0.005,0.0
2026-06-27,DR Congo v Uzbekistan,DR Congo,Aaron Wan-Bissaka,82,0.01,0.009,0.0
2026-06-27,DR Congo v Uzbekistan,DR Congo,Steve Kapuadi,82,0.013,0.013,0.0
2026-06-27,DR Congo v Uzbekistan,DR Congo,Axel Tuanzebe,82,0.005,0.005,0.0
2026-06-27,DR Congo v Uzbekistan,DR Congo,Dylan Batubinsika,8,0.001,0.001,0.0
2026-06-27,DR Congo v Uzbekistan,DR Congo,Ngalayel Mukau,8,0.005,0.005,0.0
2026-06-27,DR Congo v Uzbekistan,DR Congo,Nathanael Mbuku,8,0.012,0.012,0.0
2026-06-27,DR Congo v Uzbekistan,DR Congo,Samuel Moutoussamy,28,0.003,0.003,0.0
2026-06-27,DR Congo v Uzbekistan,DR Congo,Brian Cipenga,8,0.012,0.012,0.0
2026-06-27,DR Congo v Uzbekistan,DR Congo,Theo Bongonda,82,0.174,0.16,0.014
2026-06-27,DR Congo v Uzbekistan,DR Congo,Gael Kakuta,8,0.006,0.006,0.0
2026-06-27,DR Congo v Uzbekistan,DR Congo,Joris Kayembe,82,0.033,0.032,0.001
2026-06-27,DR Congo v Uzbekistan,DR Congo,Meschak Elia,8,0.005,0.005,0.0
2026-06-27,DR Congo v Uzbekistan,DR Congo,Noah Sadiki,82,0.035,0.034,0.001
2026-06-27,DR Congo v Uzbekistan,DR Congo,Aaron Tshibola,8,0.004,0.004,0.0
2026-06-27,DR Congo v Uzbekistan,DR Congo,Timothy Fayulu,8,0.0,0.0,0.0
2026-06-27,DR Congo v Uzbekistan,DR Congo,Cedric Bakambu,28,0.101,0.096,0.005
2026-06-27,DR Congo v Uzbekistan,DR Congo,Charles Pickel,28,0.006,0.006,0.0
2026-06-27,DR Congo v Uzbekistan,DR Congo,Fiston Mayele,8,0.005,0.005,0.0
2026-06-27,DR Congo v Uzbekistan,DR Congo,Yoane Wissa,82,0.185,0.169,0.015
2026-06-27,DR Congo v Uzbekistan,DR Congo,Matthieu Epolo,82,0.0,0.0,0.0
2026-06-27,DR Congo v Uzbekistan,DR Congo,Chancel Mbemba,28,0.005,0.005,0.0
2026-06-27,DR Congo v Uzbekistan,DR Congo,Simon Banza,82,0.145,0.135,0.01
2026-06-27,DR Congo v Uzbekistan,DR Congo,Gedeon Kalulu,28,0.001,0.001,0.0
2026-06-27,DR Congo v Uzbekistan,DR Congo,Edo Kayembe,82,0.037,0.036,0.001
2026-06-27,DR Congo v Uzbekistan,DR Congo,Arthur Masuaku,82,0.014,0.014,0.0
2026-06-27,DR Congo v Uzbekistan,Uzbekistan,Utkir Yusupov,82,0.039,0.039,0.001
2026-06-27,DR Congo v Uzbekistan,Uzbekistan,Abdukodir Khusanov,82,0.002,0.002,0.0
2026-06-27,DR Congo v Uzbekistan,Uzbekistan,Khojiakbar Alijonov,82,0.039,0.039,0.001
2026-06-27,DR Congo v Uzbekistan,Uzbekistan,Farrukh Sayfiev,82,0.039,0.039,0.001
2026-06-27,DR Congo v Uzbekistan,Uzbekistan,Rustam Ashurmatov,82,0.039,0.039,0.001
2026-06-27,DR Congo v Uzbekistan,Uzbekistan,Akmal Mozgovoy,82,0.039,0.039,0.001
2026-06-27,DR Congo v Uzbekistan,Uzbekistan,Otabek Shukurov,82,0.054,0.053,0.001
2026-06-27,DR Congo v Uzbekistan,Uzbekistan,Jamshid Iskanderov,82,0.039,0.039,0.001
2026-06-27,DR Congo v Uzbekistan,Uzbekistan,Odiljon Hamrobekov,82,0.039,0.039,0.001
2026-06-27,DR Congo v Uzbekistan,Uzbekistan,Jaloliddin Masharipov,82,0.141,0.131,0.009
2026-06-27,DR Congo v Uzbekistan,Uzbekistan,Oston Urunov,28,0.013,0.013,0.0
2026-06-27,DR Congo v Uzbekistan,Uzbekistan,Abduvohid Nematov,28,0.013,0.013,0.0
2026-06-27,DR Congo v Uzbekistan,Uzbekistan,Sherzod Nasrullaev,28,0.013,0.013,0.0
2026-06-27,DR Congo v Uzbekistan,Uzbekistan,Eldor Shomurodov,82,0.396,0.327,0.061
2026-06-27,DR Congo v Uzbekistan,Uzbekistan,Umar Eshmurodov,28,0.013,0.013,0.0
2026-06-27,DR Congo v Uzbekistan,Uzbekistan,Botirali Ergashev,28,0.013,0.013,0.0
2026-06-27,DR Congo v Uzbekistan,Uzbekistan,Dostonbek Khamdamov,8,0.004,0.004,0.0
2026-06-27,DR Congo v Uzbekistan,Uzbekistan,Abdulla Abdullaev,8,0.01,0.01,0.0
2026-06-27,DR Congo v Uzbekistan,Uzbekistan,Azizjon Ganiev,8,0.004,0.004,0.0
2026-06-27,DR Congo v Uzbekistan,Uzbekistan,Azizbek Amonov,8,0.004,0.004,0.0
2026-06-27,DR Congo v Uzbekistan,Uzbekistan,Igor Sergeev,8,0.004,0.004,0.0
2026-06-27,DR Congo v Uzbekistan,Uzbekistan,Abbosbek Fayzullaev,8,0.004,0.004,0.0
2026-06-27,DR Congo v Uzbekistan,Uzbekistan,Sherzod Esanov,8,0.004,0.004,0.0
2026-06-27,DR Congo v Uzbekistan,Uzbekistan,Bekhruz Karimov,8,0.004,0.004,0.0
2026-06-27,DR Congo v Uzbekistan,Uzbekistan,Avazbek Ulmasaliev,8,0.004,0.004,0.0
2026-06-27,DR Congo v Uzbekistan,Uzbekistan,Jakhongir Urozov,8,0.004,0.004,0.0
2026-06-27,Panama v England,Panama,Luis Mejia,28,0.012,0.012,0.0
2026-06-27,Panama v England,Panama,Cesar Blackman,82,0.006,0.006,0.0
2026-06-27,Panama v England,Panama,Jose Cordoba,82,0.011,0.011,0.0
2026-06-27,Panama v England,Panama,Fidel Escobar,82,0.004,0.004,0.0
2026-06-27,Panama v England,Panama,Edgardo Farina,28,0.012,0.012,0.0
2026-06-27,Panama v England,Panama,Cristian Martinez,28,0.03,0.03,0.0
2026-06-27,Panama v England,Panama,Jose Luis Rodriguez,82,0.084,0.08,0.003
2026-06-27,Panama v England,Panama,Adalberto Carrasquilla,82,0.021,0.021,0.0
2026-06-27,Panama v England,Panama,Tomas Rodriguez,8,0.003,0.003,0.0
2026-06-27,Panama v England,Panama,Ismael Diaz,8,0.003,0.003,0.0
2026-06-27,Panama v England,Panama,Yoel Barcenas,82,0.063,0.061,0.002
2026-06-27,Panama v England,Panama,Cesar Samudio,8,0.003,0.003,0.0
2026-06-27,Panama v England,Panama,Jiovany Ramos,8,0.003,0.003,0.0
2026-06-27,Panama v England,Panama,Carlos Harvey,82,0.041,0.04,0.001
2026-06-27,Panama v England,Panama,Eric Davis,28,0.003,0.003,0.0
2026-06-27,Panama v England,Panama,Andres Andrade,82,0.011,0.011,0.0
2026-06-27,Panama v England,Panama,Jose Fajardo,82,0.089,0.085,0.004
2026-06-27,Panama v England,Panama,Cecilio Waterman,8,0.003,0.003,0.0
2026-06-27,Panama v England,Panama,Alberto Quintero,28,0.014,0.014,0.0
2026-06-27,Panama v England,Panama,Anibal Godoy,82,0.012,0.012,0.0
2026-06-27,Panama v England,Panama,Cesar Yanis,82,0.089,0.085,0.004
2026-06-27,Panama v England,Panama,Orlando Mosquera,8,0.003,0.003,0.0
2026-06-27,Panama v England,Panama,Michael Amir Murillo,8,0.003,0.003,0.0
2026-06-27,Panama v England,Panama,Azarias Londono,8,0.003,0.003,0.0
2026-06-27,Panama v England,Panama,Roderick Miller,8,0.003,0.003,0.0
2026-06-27,Panama v England,Panama,Jorge Gutierrez,8,0.003,0.003,0.0
2026-06-27,Panama v England,England,Jordan Pickford,8,0.0,0.0,0.0
2026-06-27,Panama v England,England,Ezri Konsa,28,0.006,0.006,0.0
2026-06-27,Panama v England,England,Nico OReilly,8,0.006,0.006,0.0
2026-06-27,Panama v England,England,Declan Rice,82,0.064,0.062,0.002
2026-06-27,Panama v England,England,John Stones,8,0.001,0.001,0.0
2026-06-27,Panama v England,England,Marc Guehi,82,0.008,0.008,0.0
2026-06-27,Panama v England,England,Bukayo Saka,82,0.334,0.284,0.045
2026-06-27,Panama v England,England,Elliot Anderson,28,0.037,0.037,0.001
2026-06-27,Panama v England,England,Harry Kane,82,0.851,0.573,0.209
2026-06-27,Panama v England,England,Jude Bellingham,82,0.086,0.082,0.003
2026-06-27,Panama v England,England,Marcus Rashford,82,0.351,0.296,0.049
2026-06-27,Panama v England,England,Tino Livramento,82,0.019,0.019,0.0
2026-06-27,Panama v England,England,Dean Henderson,8,0.0,0.0,0.0
2026-06-27,Panama v England,England,Jordan Henderson,8,0.003,0.003,0.0
2026-06-27,Panama v England,England,Dan Burn,8,0.001,0.001,0.0
2026-06-27,Panama v England,England,Kobbie Mainoo,82,0.029,0.028,0.0
2026-06-27,Panama v England,England,Morgan Rogers,82,0.086,0.082,0.003
2026-06-27,Panama v England,England,Anthony Gordon,82,0.408,0.335,0.064
2026-06-27,Panama v England,England,Ollie Watkins,28,0.053,0.052,0.001
2026-06-27,Panama v England,England,Noni Madueke,28,0.135,0.126,0.008
2026-06-27,Panama v England,England,Eberechi Eze,82,0.064,0.062,0.002
2026-06-27,Panama v England,England,Ivan Toney,8,0.017,0.017,0.0
2026-06-27,Panama v England,England,James Trafford,8,0.0,0.0,0.0
2026-06-27,Panama v England,England,Reece James,28,0.006,0.006,0.0
2026-06-27,Panama v England,England,Djed Spence,8,0.001,0.001,0.0
2026-06-27,Panama v England,England,Jarell Quansah,8,0.0,0.0,0.0
2026-06-27,Croatia v Ghana,Croatia,Dominik Livakovic,28,0.002,0.002,0.0
2026-06-27,Croatia v Ghana,Croatia,Josip Stanisic,82,0.009,0.009,0.0
2026-06-27,Croatia v Ghana,Croatia,Marin Pongracic,82,0.014,0.014,0.0
2026-06-27,Croatia v Ghana,Croatia,Josko Gvardiol,82,0.035,0.034,0.001
2026-06-27,Croatia v Ghana,Croatia,Duje Caleta-Car,28,0.019,0.018,0.0
2026-06-27,Croatia v Ghana,Croatia,Josip Sutalo,82,0.054,0.053,0.001
2026-06-27,Croatia v Ghana,Croatia,Nikola Moro,8,0.046,0.045,0.001
2026-06-27,Croatia v Ghana,Croatia,Mateo Kovacic,82,0.101,0.097,0.005
2026-06-27,Croatia v Ghana,Croatia,Andrej Kramaric,8,0.065,0.063,0.002
2026-06-27,Croatia v Ghana,Croatia,Luka Modric,8,0.03,0.029,0.0
2026-06-27,Croatia v Ghana,Croatia,Ante Budimir,8,0.062,0.06,0.002
2026-06-27,Croatia v Ghana,Croatia,Ivor Pandur,8,0.0,0.0,0.0
2026-06-27,Croatia v Ghana,Croatia,Nikola Vlasic,28,0.097,0.092,0.004
2026-06-27,Croatia v Ghana,Croatia,Ivan Perisic,8,0.091,0.087,0.004
2026-06-27,Croatia v Ghana,Croatia,Mario Pasalic,82,0.29,0.252,0.035
2026-06-27,Croatia v Ghana,Croatia,Martin Baturina,82,0.249,0.22,0.026
2026-06-27,Croatia v Ghana,Croatia,Petar Sucic,82,0.06,0.058,0.002
2026-06-27,Croatia v Ghana,Croatia,Kristijan Jakic,28,0.063,0.061,0.002
2026-06-27,Croatia v Ghana,Croatia,Toni Fruk,82,0.043,0.043,0.001
2026-06-27,Croatia v Ghana,Croatia,Igor Matanovic,8,0.087,0.083,0.004
2026-06-27,Croatia v Ghana,Croatia,Luka Sucic,82,0.249,0.22,0.026
2026-06-27,Croatia v Ghana,Croatia,Luka Vuskovic,82,0.078,0.075,0.003
2026-06-27,Croatia v Ghana,Croatia,Dominik Kotarski,28,0.0,0.0,0.0
2026-06-27,Croatia v Ghana,Croatia,Marco Pasalic,8,0.045,0.044,0.001
2026-06-27,Croatia v Ghana,Croatia,Martin Erlic,8,0.002,0.002,0.0
2026-06-27,Croatia v Ghana,Croatia,Petar Musa,8,0.105,0.1,0.005
2026-06-27,Croatia v Ghana,Ghana,Lawrence Ati-Zigi,8,0.004,0.004,0.0
2026-06-27,Croatia v Ghana,Ghana,Alidu Seidu,82,0.003,0.003,0.0
2026-06-27,Croatia v Ghana,Ghana,Caleb Yirenkyi,8,0.005,0.005,0.0
2026-06-27,Croatia v Ghana,Ghana,Jonas Adjetey,82,0.008,0.008,0.0
2026-06-27,Croatia v Ghana,Ghana,Thomas Partey,82,0.108,0.102,0.005
2026-06-27,Croatia v Ghana,Ghana,Abdul Mumin,82,0.008,0.008,0.0
2026-06-27,Croatia v Ghana,Ghana,Abdul Fatawu,8,0.004,0.004,0.0
2026-06-27,Croatia v Ghana,Ghana,Kwasi Sibo,8,0.005,0.005,0.0
2026-06-27,Croatia v Ghana,Ghana,Jordan Ayew,28,0.067,0.065,0.002
2026-06-27,Croatia v Ghana,Ghana,Brandon Thomas-Asante,28,0.031,0.03,0.0
2026-06-27,Croatia v Ghana,Ghana,Antoine Semenyo,82,0.085,0.081,0.003
2026-06-27,Croatia v Ghana,Ghana,Joseph Anang,8,0.0,0.0,0.0
2026-06-27,Croatia v Ghana,Ghana,Christopher Bonsu Baah,82,0.09,0.086,0.004
2026-06-27,Croatia v Ghana,Ghana,Gideon Mensah,82,0.011,0.011,0.0
2026-06-27,Croatia v Ghana,Ghana,Elisha Owusu,28,0.006,0.006,0.0
2026-06-27,Croatia v Ghana,Ghana,Benjamin Asare,8,0.004,0.004,0.0
2026-06-27,Croatia v Ghana,Ghana,Abdul Rahman Baba,8,0.0,0.0,0.0
2026-06-27,Croatia v Ghana,Ghana,Jerome Opoku,82,0.014,0.014,0.0
2026-06-27,Croatia v Ghana,Ghana,Inaki Williams,82,0.072,0.07,0.002
2026-06-27,Croatia v Ghana,Ghana,Augustine Boakye,28,0.031,0.03,0.0
2026-06-27,Croatia v Ghana,Ghana,Kojo Peprah Oppong,8,0.001,0.001,0.0
2026-06-27,Croatia v Ghana,Ghana,Kamaldeen Sulemana,82,0.019,0.019,0.0
2026-06-27,Croatia v Ghana,Ghana,Derrick Luckassen,8,0.001,0.001,0.0
2026-06-27,Croatia v Ghana,Ghana,Ernest Nuamah,82,0.159,0.147,0.011
2026-06-27,Croatia v Ghana,Ghana,Prince Kwabena Adu,28,0.031,0.03,0.0
2026-06-27,Croatia v Ghana,Ghana,Marvin Senaya,8,0.001,0.001,0.0
