country,player,pos,caps,intl_goals,goals_per_cap,shrunk_rate,p_anytime_scorer_base,career_state,market_value_eur
Czech Republic,Matej Kovar,GK,0,0,,0.12,0.113,,5000000
Czech Republic,David Zima,DEF,0,0,,0.12,0.113,,5500000
Czech Republic,Tomas Holes,,0,0,,0.12,0.113,,
Czech Republic,Robin Hranac,DEF,12,0,0.0,0.035,0.035,FORMER_NATIONAL_PLAYER,3500000
Czech Republic,Vladimir Coufal,DEF,55,1,0.018,0.027,0.026,RECENT_NATIONAL_PLAYER,5000000
Czech Republic,Stepan Chaloupek,,0,0,,0.12,0.113,,
Czech Republic,Ladislav Krejci,,0,0,,0.12,0.113,,
Czech Republic,Vladimir Darida,MID,0,0,,0.12,0.113,,500000
Czech Republic,Adam Hlozek,ATT,0,0,,0.12,0.113,,18000000
Czech Republic,Patrik Schick,ATT,0,0,,0.12,0.113,,27000000
Czech Republic,Jan Kuchta,ATT,28,3,0.107,0.109,0.103,CURRENT_NATIONAL_PLAYER,4000000
Czech Republic,Lukas Cerv,MID,14,0,0.0,0.032,0.031,FORMER_NATIONAL_PLAYER,4500000
Czech Republic,Mojmir Chytil,,0,0,,0.12,0.113,,
Czech Republic,David Jurasek,DEF,12,1,0.083,0.094,0.09,CURRENT_NATIONAL_PLAYER,5000000
Czech Republic,Pavel Sulc,MID,20,2,0.1,0.104,0.099,FORMER_NATIONAL_PLAYER,10000000
Czech Republic,Jindrich Stanek,GK,18,0,0.0,0.026,0.026,FORMER_NATIONAL_PLAYER,3000000
Czech Republic,Lukas Provod,,0,0,,0.12,0.113,,
Czech Republic,Michal Sadilek,MID,30,9,0.3,0.274,0.24,FORMER_NATIONAL_PLAYER,8000000
Czech Republic,Tomas Chory,ATT,16,3,0.188,0.171,0.158,FORMER_NATIONAL_PLAYER,3500000
Czech Republic,Jaroslav Zeleny,,0,0,,0.12,0.113,,
Czech Republic,David Doudera,MID,0,0,,0.12,0.113,,3000000
Czech Republic,Tomas Soucek,MID,81,15,0.185,0.181,0.166,CURRENT_NATIONAL_PLAYER,18000000
Czech Republic,Lukas Hornicek,GK,12,0,0.0,0.035,0.035,RECENT_NATIONAL_PLAYER,6000000
Czech Republic,Alexandr Sojka,,0,0,,0.12,0.113,,
Czech Republic,Hugo Sochurek,,0,0,,0.12,0.113,,
Czech Republic,Denis Visinsky,MID,7,0,0.0,0.05,0.049,RECENT_NATIONAL_PLAYER,1200000
Mexico,Raul Rangel,GK,3,0,0.0,0.075,0.072,CURRENT_NATIONAL_PLAYER,5000000
Mexico,Jorge Sanchez,DEF,51,2,0.039,0.046,0.045,CURRENT_NATIONAL_PLAYER,2500000
Mexico,Cesar Montes,DEF,61,4,0.066,0.07,0.067,CURRENT_NATIONAL_PLAYER,4500000
Mexico,Edson Alvarez,MID,93,7,0.075,0.078,0.075,CURRENT_NATIONAL_PLAYER,25000000
Mexico,Johan Vasquez,DEF,36,1,0.028,0.039,0.038,CURRENT_NATIONAL_PLAYER,14000000
Mexico,Erik Lira,MID,0,0,,0.12,0.113,,8000000
Mexico,Luis Romo,MID,54,4,0.074,0.078,0.075,RECENT_NATIONAL_PLAYER,4500000
Mexico,Alvaro Fidalgo,MID,2,0,0.0,0.086,0.082,FORMER_NATIONAL_PLAYER,9000000
Mexico,Raul Jimenez,ATT,119,42,0.353,0.344,0.291,CURRENT_NATIONAL_PLAYER,5000000
Mexico,Alexis Vega,ATT,45,7,0.156,0.152,0.141,CURRENT_NATIONAL_PLAYER,10000000
Mexico,Santiago Gimenez,ATT,42,5,0.119,0.119,0.112,CURRENT_NATIONAL_PLAYER,30000000
Mexico,Carlos Acevedo,GK,0,0,,0.12,0.113,,3000000
Mexico,Guillermo Ochoa,GK,152,0,0.0,0.004,0.004,CURRENT_NATIONAL_PLAYER,500000
Mexico,Armando Gonzalez,ATT,0,0,,0.12,0.113,,1500000
Mexico,Israel Reyes,DEF,24,2,0.083,0.09,0.086,CURRENT_NATIONAL_PLAYER,4000000
Mexico,Julian Quinones,ATT,0,0,,0.12,0.113,,12000000
Mexico,Orbelin Pineda,MID,85,12,0.141,0.14,0.131,CURRENT_NATIONAL_PLAYER,7000000
Mexico,Obed Vargas,MID,0,0,,0.12,0.113,,6000000
Mexico,Gilberto Mora,MID,0,0,,0.12,0.113,,3000000
Mexico,Mateo Chavez,DEF,4,0,0.0,0.067,0.064,CURRENT_NATIONAL_PLAYER,3000000
Mexico,Cesar Huerta,ATT,24,3,0.125,0.124,0.117,CURRENT_NATIONAL_PLAYER,6000000
Mexico,Guillermo Martinez,ATT,10,4,0.4,0.307,0.264,FORMER_NATIONAL_PLAYER,2000000
Mexico,Jesus Gallardo,DEF,109,2,0.018,0.023,0.023,CURRENT_NATIONAL_PLAYER,3500000
Mexico,Luis Chavez,MID,42,4,0.095,0.098,0.093,CURRENT_NATIONAL_PLAYER,8000000
Mexico,Roberto Alvarado,ATT,59,5,0.085,0.087,0.084,CURRENT_NATIONAL_PLAYER,6500000
Mexico,Brian Gutierrez,MID,7,2,0.286,0.217,0.195,FORMER_NATIONAL_PLAYER,5000000
South Africa,Ronwen Williams,,0,0,,0.12,0.113,,
South Africa,Thabang Matuludi,,0,0,,0.12,0.113,,
South Africa,Khulumani Ndamane,,0,0,,0.12,0.113,,
South Africa,Teboho Mokoena,,0,0,,0.12,0.113,,
South Africa,Thalente Mbatha,,0,0,,0.12,0.113,,
South Africa,Aubrey Modiba,,0,0,,0.12,0.113,,
South Africa,Oswin Appollis,,0,0,,0.12,0.113,,
South Africa,Tshepang Moremi,,0,0,,0.12,0.113,,
South Africa,Lyle Foster,ATT,18,6,0.333,0.287,0.249,CURRENT_NATIONAL_PLAYER,6000000
South Africa,Relebohile Mofokeng,,0,0,,0.12,0.113,,
South Africa,Themba Zwane,,0,0,,0.12,0.113,,
South Africa,Thapelo Maseko,,0,0,,0.12,0.113,,
South Africa,Sphephelo Sithole,MID,18,0,0.0,0.026,0.026,FORMER_NATIONAL_PLAYER,200000
South Africa,Mbekezeli Mbokazi,,0,0,,0.12,0.113,,
South Africa,Iqraam Rayners,,0,0,,0.12,0.113,,
South Africa,Sipho Chaine,,0,0,,0.12,0.113,,
South Africa,Evidence Makgopa,,0,0,,0.12,0.113,,
South Africa,Samukele Kabini,,0,0,,0.12,0.113,,
South Africa,Nkosinathi Sibisi,,0,0,,0.12,0.113,,
South Africa,Khuliso Mudau,,0,0,,0.12,0.113,,
South Africa,Ime Okon,DEF,0,0,,0.12,0.113,,850000
South Africa,Ricardo Goss,,0,0,,0.12,0.113,,
South Africa,Jayden Adams,,0,0,,0.12,0.113,,
South Africa,Olwethu Makhanya,DEF,0,0,,0.12,0.113,CURRENT_NATIONAL_PLAYER,400000
South Africa,Kamogelo Sebelebele,,0,0,,0.12,0.113,,
South Africa,Bradley Cross,DEF,0,0,,0.12,0.113,,650000
South Korea,Seung-gyu Kim,,0,0,,0.12,0.113,,
South Korea,Han-beom Lee,DEF,8,0,0.0,0.046,0.045,FORMER_NATIONAL_PLAYER,1000000
South Korea,Gi-hyuk Lee,DEF,0,0,,0.12,0.113,,550000
South Korea,Min-jae Kim,DEF,69,4,0.058,0.062,0.06,CURRENT_NATIONAL_PLAYER,40000000
South Korea,Tae-hyeon Kim,DEF,0,0,,0.12,0.113,,550000
South Korea,In-beom Hwang,MID,69,6,0.087,0.089,0.085,RECENT_NATIONAL_PLAYER,10000000
South Korea,Heung-min Son,ATT,135,51,0.378,0.369,0.308,CURRENT_NATIONAL_PLAYER,20000000
South Korea,Seung-ho Paik,MID,21,3,0.143,0.138,0.129,CURRENT_NATIONAL_PLAYER,1500000
South Korea,Gue-sung Cho,ATT,39,9,0.231,0.218,0.196,FORMER_NATIONAL_PLAYER,3500000
South Korea,Jae-sung Lee,DEF,2,0,0.0,0.086,0.082,FORMER_NATIONAL_PLAYER,50000
South Korea,Hee-chan Hwang,ATT,71,16,0.225,0.218,0.196,RECENT_NATIONAL_PLAYER,12000000
South Korea,Bum-keun Song,,0,0,,0.12,0.113,,
South Korea,Tae-seok Lee,DEF,0,0,,0.12,0.113,,750000
South Korea,Wi-je Cho,DEF,5,0,0.0,0.06,0.058,FORMER_NATIONAL_PLAYER,450000
South Korea,Moon-hwan Kim,DEF,30,0,0.0,0.017,0.017,CURRENT_NATIONAL_PLAYER,750000
South Korea,Jin-seob Park,,0,0,,0.12,0.113,,
South Korea,Jun-ho Bae,MID,0,0,,0.12,0.113,,3000000
South Korea,Hyeon-gyu Oh,ATT,0,0,,0.12,0.113,,3500000
South Korea,Kang-in Lee,ATT,36,9,0.25,0.234,0.209,CURRENT_NATIONAL_PLAYER,25000000
South Korea,Hyun-jun Yang,ATT,0,0,,0.12,0.113,,2500000
South Korea,Hyeon-woo Jo,GK,44,0,0.0,0.012,0.012,CURRENT_NATIONAL_PLAYER,800000
South Korea,Young-woo Seol,DEF,26,0,0.0,0.019,0.019,CURRENT_NATIONAL_PLAYER,4500000
South Korea,Jens Castrop,MID,0,0,,0.12,0.113,,6000000
South Korea,Jin-gyu Kim,,0,0,,0.12,0.113,,
South Korea,Ji-sung Eom,ATT,12,1,0.083,0.094,0.09,FORMER_NATIONAL_PLAYER,1400000
South Korea,Dong-gyeong Lee,MID,14,10,0.714,0.558,0.428,FORMER_NATIONAL_PLAYER,1400000
Bosnia and Herzegovina,Nikola Vasilj,GK,20,0,0.0,0.024,0.024,CURRENT_NATIONAL_PLAYER,3500000
Bosnia and Herzegovina,Nihad Mujakic,,0,0,,0.12,0.113,,
Bosnia and Herzegovina,Dennis Hadzikadunic,DEF,28,0,0.0,0.018,0.018,FORMER_NATIONAL_PLAYER,2000000
Bosnia and Herzegovina,Tarik Muharemovic,DEF,0,0,,0.12,0.113,,7000000
Bosnia and Herzegovina,Sead Kolasinac,DEF,62,0,0.0,0.009,0.009,RECENT_NATIONAL_PLAYER,7000000
Bosnia and Herzegovina,Benjamin Tahirovic,MID,0,0,,0.12,0.113,,3000000
Bosnia and Herzegovina,Amar Dedic,DEF,0,0,,0.12,0.113,,12000000
Bosnia and Herzegovina,Armin Gigovic,MID,20,2,0.1,0.104,0.099,FORMER_NATIONAL_PLAYER,3000000
Bosnia and Herzegovina,Samed Bazdar,ATT,0,0,,0.12,0.113,,2000000
Bosnia and Herzegovina,Ermedin Demirovic,ATT,36,4,0.111,0.112,0.106,CURRENT_NATIONAL_PLAYER,22000000
Bosnia and Herzegovina,Edin Dzeko,ATT,143,71,0.497,0.484,0.384,CURRENT_NATIONAL_PLAYER,1600000
Bosnia and Herzegovina,Mladen Jurkas,,0,0,,0.12,0.113,,
Bosnia and Herzegovina,Ivan Basic,MID,19,5,0.263,0.233,0.208,FORMER_NATIONAL_PLAYER,1200000
Bosnia and Herzegovina,Ivan Sunjic,MID,0,0,,0.12,0.113,,1500000
Bosnia and Herzegovina,Amar Memic,,0,0,,0.12,0.113,,
Bosnia and Herzegovina,Amir Hadziahmetovic,MID,30,0,0.0,0.017,0.017,FORMER_NATIONAL_PLAYER,4500000
Bosnia and Herzegovina,Dzenis Burnic,MID,15,0,0.0,0.03,0.03,FORMER_NATIONAL_PLAYER,1200000
Bosnia and Herzegovina,Nikola Katic,DEF,10,0,0.0,0.04,0.039,CURRENT_NATIONAL_PLAYER,1500000
Bosnia and Herzegovina,Kerim Alajbegovic,,0,0,,0.12,0.113,,
Bosnia and Herzegovina,Esmir Bajraktarevic,ATT,8,0,0.0,0.046,0.045,CURRENT_NATIONAL_PLAYER,3000000
Bosnia and Herzegovina,Stjepan Radeljic,DEF,0,0,,0.12,0.113,,2800000
Bosnia and Herzegovina,Martin Zlomislic,GK,0,0,,0.12,0.113,,2000000
Bosnia and Herzegovina,Haris Tabakovic,ATT,15,6,0.4,0.33,0.281,FORMER_NATIONAL_PLAYER,2500000
Bosnia and Herzegovina,Arjan Malic,,0,0,,0.12,0.113,,
Bosnia and Herzegovina,Jovo Lukic,,0,0,,0.12,0.113,,
Bosnia and Herzegovina,Ermin Mahmic,,0,0,,0.12,0.113,,
Canada,Dayne St Clair,GK,0,0,,0.12,0.113,,2800000
Canada,Alistair Johnston,DEF,0,0,,0.12,0.113,,10000000
Canada,Alfie Jones,DEF,0,0,,0.12,0.113,,4000000
Canada,Luc de Fougerolles,DEF,0,0,,0.12,0.113,,250000
Canada,Joel Waterman,DEF,11,0,0.0,0.037,0.037,CURRENT_NATIONAL_PLAYER,2500000
Canada,Mathieu Choiniere,MID,0,0,,0.12,0.113,,800000
Canada,Stephen Eustaquio,MID,51,4,0.078,0.082,0.079,CURRENT_NATIONAL_PLAYER,10000000
Canada,Ismael Kone,MID,32,3,0.094,0.097,0.093,CURRENT_NATIONAL_PLAYER,9000000
Canada,Cyle Larin,ATT,86,30,0.349,0.336,0.286,RECENT_NATIONAL_PLAYER,3500000
Canada,Jonathan David,ATT,68,37,0.544,0.515,0.403,CURRENT_NATIONAL_PLAYER,45000000
Canada,Liam Millar,ATT,34,1,0.029,0.041,0.04,RECENT_NATIONAL_PLAYER,3000000
Canada,Tani Oluwaseyi,ATT,15,2,0.133,0.13,0.122,CURRENT_NATIONAL_PLAYER,5000000
Canada,Derek Cornelius,DEF,36,0,0.0,0.015,0.015,CURRENT_NATIONAL_PLAYER,5000000
Canada,Jacob Shaffelburg,ATT,27,6,0.222,0.206,0.186,CURRENT_NATIONAL_PLAYER,4000000
Canada,Moise Bombito,DEF,0,0,,0.12,0.113,,10000000
Canada,Maxime Crepeau,GK,27,0,0.0,0.019,0.019,CURRENT_NATIONAL_PLAYER,3000000
Canada,Tajon Buchanan,ATT,52,8,0.154,0.151,0.14,CURRENT_NATIONAL_PLAYER,6000000
Canada,Owen Goodman,GK,2,0,0.0,0.086,0.082,FORMER_NATIONAL_PLAYER,600000
Canada,Alphonso Davies,DEF,58,15,0.259,0.248,0.219,RECENT_NATIONAL_PLAYER,50000000
Canada,Ali Ahmed,MID,0,0,,0.12,0.113,,3000000
Canada,Jonathan Osorio,MID,85,9,0.106,0.107,0.101,RECENT_NATIONAL_PLAYER,1500000
Canada,Richie Laryea,DEF,66,1,0.015,0.023,0.022,CURRENT_NATIONAL_PLAYER,1000000
Canada,Niko Sigur,MID,0,0,,0.12,0.113,,4000000
Canada,Promise David,,0,0,,0.12,0.113,,
Canada,Nathan Saliba,,0,0,,0.12,0.113,,
Canada,Jayden Nelson,ATT,0,0,,0.12,0.113,,2500000
Qatar,Mahmud Abunada,,0,0,,0.12,0.113,,
Qatar,Pedro Miguel,DEF,95,2,0.021,0.026,0.026,CURRENT_NATIONAL_PLAYER,200000
Qatar,Lucas Mendes,DEF,17,1,0.059,0.073,0.07,RECENT_NATIONAL_PLAYER,400000
Qatar,Issa Laye,,0,0,,0.12,0.113,,
Qatar,Jassem Gaber,DEF,0,0,,0.12,0.113,,700000
Qatar,Abdulaziz Hatem,,0,0,,0.12,0.113,,
Qatar,Ahmed Alaaeldin,ATT,0,0,,0.12,0.113,,400000
Qatar,Edmilson Junior,ATT,6,0,0.0,0.055,0.053,CURRENT_NATIONAL_PLAYER,2500000
Qatar,Mohammed Muntari,,0,0,,0.12,0.113,,
Qatar,Hassan Haydos,,0,0,,0.12,0.113,,
Qatar,Akram Afif,ATT,117,39,0.333,0.325,0.277,CURRENT_NATIONAL_PLAYER,8000000
Qatar,Karim Boudiaf,,0,0,,0.12,0.113,,
Qatar,Ayoub Oui,,0,0,,0.12,0.113,,
Qatar,Homam Ahmed,,0,0,,0.12,0.113,,
Qatar,Yusuf Abdurisag,ATT,35,3,0.086,0.09,0.086,CURRENT_NATIONAL_PLAYER,300000
Qatar,Boualem Khoukhi,DEF,116,20,0.172,0.17,0.157,CURRENT_NATIONAL_PLAYER,250000
Qatar,Ahmed Ganehi,,0,0,,0.12,0.113,,
Qatar,Sultan Brake,,0,0,,0.12,0.113,,
Qatar,Almoez Ali,,0,0,,0.12,0.113,,
Qatar,Ahmed Fathy,,0,0,,0.12,0.113,,
Qatar,Salah Zakaria,GK,0,0,,0.12,0.113,,500000
Qatar,Meshaal Barsham,GK,50,0,0.0,0.011,0.011,CURRENT_NATIONAL_PLAYER,850000
Qatar,Assim Madibo,,0,0,,0.12,0.113,,
Qatar,Tahsin Jamshid,,0,0,,0.12,0.113,,
Qatar,Al-Hashmi Hussain,,0,0,,0.12,0.113,,
Qatar,Mohamed Manai,,0,0,,0.12,0.113,,
Switzerland,Gregor Kobel,GK,15,0,0.0,0.03,0.03,CURRENT_NATIONAL_PLAYER,40000000
Switzerland,Miro Muheim,DEF,7,2,0.286,0.217,0.195,FORMER_NATIONAL_PLAYER,4000000
Switzerland,Silvan Widmer,,0,0,,0.12,0.113,,
Switzerland,Nico Elvedi,DEF,0,0,,0.12,0.113,,8000000
Switzerland,Manuel Akanji,DEF,73,4,0.055,0.059,0.057,CURRENT_NATIONAL_PLAYER,28000000
Switzerland,Denis Zakaria,MID,61,3,0.049,0.055,0.053,CURRENT_NATIONAL_PLAYER,30000000
Switzerland,Breel Embolo,ATT,79,21,0.266,0.257,0.227,CURRENT_NATIONAL_PLAYER,12000000
Switzerland,Remo Freuler,MID,82,11,0.134,0.133,0.125,CURRENT_NATIONAL_PLAYER,5000000
Switzerland,Johan Manzambi,MID,0,0,,0.12,0.113,,8000000
Switzerland,Granit Xhaka,MID,139,14,0.101,0.101,0.096,CURRENT_NATIONAL_PLAYER,12000000
Switzerland,Dan Ndoye,ATT,26,10,0.385,0.342,0.29,FORMER_NATIONAL_PLAYER,35000000
Switzerland,Yvon Mvogo,GK,15,0,0.0,0.03,0.03,FORMER_NATIONAL_PLAYER,3000000
Switzerland,Ricardo Rodriguez,DEF,131,9,0.069,0.071,0.068,CURRENT_NATIONAL_PLAYER,2000000
Switzerland,Ardon Jashari,MID,11,0,0.0,0.037,0.037,RECENT_NATIONAL_PLAYER,32000000
Switzerland,Djibril Sow,MID,45,0,0.0,0.012,0.012,RECENT_NATIONAL_PLAYER,7500000
Switzerland,Christian Fassnacht,ATT,19,4,0.211,0.192,0.174,FORMER_NATIONAL_PLAYER,2000000
Switzerland,Ruben Vargas,ATT,54,10,0.185,0.18,0.164,CURRENT_NATIONAL_PLAYER,7000000
Switzerland,Eray Comert,DEF,18,0,0.0,0.026,0.026,RECENT_NATIONAL_PLAYER,2000000
Switzerland,Noah Okafor,ATT,0,0,,0.12,0.113,,13000000
Switzerland,Michel Aebischer,MID,0,0,,0.12,0.113,,7500000
Switzerland,Marvin Keller,GK,0,0,,0.12,0.113,,9000000
Switzerland,Fabian Rieder,MID,0,0,,0.12,0.113,,6000000
Switzerland,Zeki Amdouni,ATT,0,0,,0.12,0.113,,12000000
Switzerland,Aurele Amenda,DEF,0,0,,0.12,0.113,,7500000
Switzerland,Luca Jaquez,DEF,3,1,0.333,0.2,0.181,RECENT_NATIONAL_PLAYER,6000000
Switzerland,Cedric Itten,ATT,13,5,0.385,0.311,0.267,CURRENT_NATIONAL_PLAYER,1500000
Brazil,Alisson,GK,76,0,0.0,0.007,0.007,CURRENT_NATIONAL_PLAYER,20000000
Brazil,Ederson Silva,,0,0,,0.12,0.113,,
Brazil,Gabriel Magalhaes,DEF,15,1,0.067,0.08,0.077,CURRENT_NATIONAL_PLAYER,75000000
Brazil,Marquinhos,DEF,0,0,,0.12,0.113,,35000000
Brazil,Casemiro,MID,78,7,0.09,0.092,0.087,CURRENT_NATIONAL_PLAYER,10000000
Brazil,Alex Sandro,DEF,42,2,0.048,0.055,0.054,CURRENT_NATIONAL_PLAYER,1800000
Brazil,Vinicius Junior,ATT,41,7,0.171,0.165,0.152,RECENT_NATIONAL_PLAYER,170000000
Brazil,Bruno Guimaraes,MID,0,0,,0.12,0.113,,80000000
Brazil,Matheus Cunha,ATT,16,15,0.938,0.743,0.524,FORMER_NATIONAL_PLAYER,60000000
Brazil,Neymar,MID,128,79,0.617,0.598,0.45,FORMER_NATIONAL_PLAYER,11000000
Brazil,Raphinha,ATT,36,11,0.306,0.283,0.246,CURRENT_NATIONAL_PLAYER,90000000
Brazil,Weverton,GK,10,0,0.0,0.04,0.039,RECENT_NATIONAL_PLAYER,1000000
Brazil,Danilo Luiz,,0,0,,0.12,0.113,,
Brazil,Bremer,DEF,5,0,0.0,0.06,0.058,FORMER_NATIONAL_PLAYER,50000000
Brazil,Leo Pereira,DEF,9,2,0.222,0.186,0.169,FORMER_NATIONAL_PLAYER,9000000
Brazil,Douglas Santos,DEF,10,0,0.0,0.04,0.039,FORMER_NATIONAL_PLAYER,9000000
Brazil,Fabinho,MID,29,0,0.0,0.018,0.017,FORMER_NATIONAL_PLAYER,15000000
Brazil,Danilo Santos,,0,0,,0.12,0.113,,
Brazil,Endrick,ATT,0,0,,0.12,0.113,,35000000
Brazil,Lucas Paqueta,MID,57,12,0.211,0.203,0.184,CURRENT_NATIONAL_PLAYER,28000000
Brazil,Luiz Henrique,ATT,8,2,0.25,0.2,0.181,CURRENT_NATIONAL_PLAYER,25000000
Brazil,Gabriel Martinelli,ATT,19,2,0.105,0.108,0.103,CURRENT_NATIONAL_PLAYER,55000000
Brazil,Ederson Moraes,,0,0,,0.12,0.113,,
Brazil,Roger Ibanez,DEF,0,0,,0.12,0.113,,17000000
Brazil,Igor Thiago,ATT,0,0,,0.12,0.113,,18000000
Brazil,Rayan,ATT,0,0,,0.12,0.113,,18000000
Haiti,Johny Placide,GK,75,0,0.0,0.007,0.007,CURRENT_NATIONAL_PLAYER,200000
Haiti,Carlens Arcus,DEF,46,1,0.022,0.031,0.031,CURRENT_NATIONAL_PLAYER,1800000
Haiti,Keeto Thermoncy,,0,0,,0.12,0.113,,
Haiti,Ricardo Ade,,0,0,,0.12,0.113,,
Haiti,Hannes Delcroix,DEF,14,0,0.0,0.032,0.031,FORMER_NATIONAL_PLAYER,3500000
Haiti,Carl Sainte,MID,0,0,,0.12,0.113,,150000
Haiti,Derrick Jr Etienne,,0,0,,0.12,0.113,,
Haiti,Martin Experience,DEF,0,0,,0.12,0.113,,400000
Haiti,Duckens Nazon,ATT,70,43,0.614,0.581,0.441,CURRENT_NATIONAL_PLAYER,1200000
Haiti,Jean-Ricner Bellegarde,MID,4,0,0.0,0.067,0.064,FORMER_NATIONAL_PLAYER,18000000
Haiti,Louicius Deedson,,0,0,,0.12,0.113,,
Haiti,Alexandre Pierre,GK,11,0,0.0,0.037,0.037,CURRENT_NATIONAL_PLAYER,25000
Haiti,Duke Lacroix,,0,0,,0.12,0.113,,
Haiti,Garven Metusala,,0,0,,0.12,0.113,,
Haiti,Ruben Providence,ATT,9,2,0.222,0.186,0.169,FORMER_NATIONAL_PLAYER,350000
Haiti,Lenny Joseph,ATT,0,0,,0.12,0.113,,1000000
Haiti,Danley Jean Jacques,MID,22,5,0.227,0.207,0.187,CURRENT_NATIONAL_PLAYER,2000000
Haiti,Wilson Isidor,ATT,8,8,1.0,0.662,0.484,FORMER_NATIONAL_PLAYER,12000000
Haiti,Yassin Fortune,ATT,13,2,0.154,0.144,0.134,FORMER_NATIONAL_PLAYER,250000
Haiti,Frantzdy Pierrot,ATT,41,32,0.78,0.709,0.508,CURRENT_NATIONAL_PLAYER,3200000
Haiti,Josue Casimir,ATT,3,3,1.0,0.45,0.362,FORMER_NATIONAL_PLAYER,4000000
Haiti,Jean-Kevin Duverne,DEF,10,1,0.1,0.107,0.101,CURRENT_NATIONAL_PLAYER,2500000
Haiti,Josue Duverger,,0,0,,0.12,0.113,,
Haiti,Wilguens Paugain,DEF,4,0,0.0,0.067,0.064,RECENT_NATIONAL_PLAYER,200000
Haiti,Dominique Simon,,0,0,,0.12,0.113,,
Haiti,Woodensky Pierre,,0,0,,0.12,0.113,,
Morocco,Yassine Bounou,GK,76,0,0.0,0.007,0.007,CURRENT_NATIONAL_PLAYER,5500000
Morocco,Achraf Hakimi,DEF,0,0,,0.12,0.113,,80000000
Morocco,Noussair Mazraoui,DEF,33,2,0.061,0.068,0.066,RECENT_NATIONAL_PLAYER,25000000
Morocco,Sofyan Amrabat,MID,0,0,,0.12,0.113,,17000000
Morocco,Marwane Saadane,,0,0,,0.12,0.113,,
Morocco,Ayyoub Bouaddi,,0,0,,0.12,0.113,,
Morocco,Chemsdine Talbi,ATT,0,0,,0.12,0.113,,8000000
Morocco,Azzedine Ounahi,MID,41,8,0.195,0.187,0.171,CURRENT_NATIONAL_PLAYER,10000000
Morocco,Soufiane Rahimi,,0,0,,0.12,0.113,,
Morocco,Brahim Diaz,ATT,11,8,0.727,0.537,0.416,CURRENT_NATIONAL_PLAYER,40000000
Morocco,Ismael Saibari,MID,0,0,,0.12,0.113,,27000000
Morocco,Munir Mohamedi,,0,0,,0.12,0.113,,
Morocco,Zakaria Ouahdi,,0,0,,0.12,0.113,,
Morocco,Issa Diop,DEF,20,3,0.15,0.144,0.134,FORMER_NATIONAL_PLAYER,14000000
Morocco,Samir Mourabet,,0,0,,0.12,0.113,,
Morocco,Gessime Yassine,ATT,9,2,0.222,0.186,0.169,CURRENT_NATIONAL_PLAYER,2000000
Morocco,Amine Sbai,ATT,0,0,,0.12,0.113,,750000
Morocco,Chadi Riad,DEF,6,0,0.0,0.055,0.053,FORMER_NATIONAL_PLAYER,15000000
Morocco,Youssef Belammari,,0,0,,0.12,0.113,,
Morocco,Ayoub Kaabi,,0,0,,0.12,0.113,,
Morocco,Ayoube Amaimouni,,0,0,,0.12,0.113,,
Morocco,Ahmed Reda Tagnaouti,,0,0,,0.12,0.113,,
Morocco,Bilal Khannouss,,0,0,,0.12,0.113,,
Morocco,Neil Aynaoui,,0,0,,0.12,0.113,,
Morocco,Redouane Halhal,DEF,3,0,0.0,0.075,0.072,FORMER_NATIONAL_PLAYER,350000
Morocco,Anass Salah-Eddine,,0,0,,0.12,0.113,,
Scotland,Angus Gunn,GK,16,0,0.0,0.029,0.028,CURRENT_NATIONAL_PLAYER,2200000
Scotland,Aaron Hickey,DEF,14,0,0.0,0.032,0.031,CURRENT_NATIONAL_PLAYER,10000000
Scotland,Andy Robertson,,0,0,,0.12,0.113,,
Scotland,Scott Mctominay,MID,61,12,0.197,0.191,0.174,CURRENT_NATIONAL_PLAYER,50000000
Scotland,Grant Hanley,DEF,62,2,0.032,0.039,0.038,CURRENT_NATIONAL_PLAYER,600000
Scotland,Kieran Tierney,DEF,50,1,0.02,0.029,0.029,RECENT_NATIONAL_PLAYER,9000000
Scotland,John Mcginn,MID,77,20,0.26,0.251,0.222,CURRENT_NATIONAL_PLAYER,16000000
Scotland,Tyler Fletcher,MID,0,0,,0.12,0.113,,
Scotland,Lyndon Dykes,ATT,42,9,0.214,0.204,0.185,CURRENT_NATIONAL_PLAYER,1200000
Scotland,Che Adams,ATT,39,9,0.231,0.218,0.196,CURRENT_NATIONAL_PLAYER,15000000
Scotland,Ryan Christie,MID,52,6,0.115,0.116,0.109,CURRENT_NATIONAL_PLAYER,10000000
Scotland,Liam Kelly,GK,3,0,0.0,0.075,0.072,FORMER_NATIONAL_PLAYER,800000
Scotland,Jack Hendry,DEF,35,3,0.086,0.09,0.086,CURRENT_NATIONAL_PLAYER,2500000
Scotland,Ross Stewart,ATT,0,0,,0.12,0.113,,4000000
Scotland,John Souttar,DEF,16,2,0.125,0.124,0.116,CURRENT_NATIONAL_PLAYER,4000000
Scotland,Dominic Hyam,DEF,0,0,,0.12,0.113,,2000000
Scotland,Ben Gannon-Doak,,0,0,,0.12,0.113,,
Scotland,George Hirst,ATT,13,7,0.538,0.422,0.344,FORMER_NATIONAL_PLAYER,4000000
Scotland,Lewis Ferguson,MID,16,0,0.0,0.029,0.028,CURRENT_NATIONAL_PLAYER,28000000
Scotland,Lawrence Shankland,ATT,14,3,0.214,0.189,0.173,RECENT_NATIONAL_PLAYER,2500000
Scotland,Craig Gordon,GK,79,0,0.0,0.007,0.007,RECENT_NATIONAL_PLAYER,50000
Scotland,Nathan Patterson,DEF,23,1,0.043,0.057,0.056,RECENT_NATIONAL_PLAYER,15000000
Scotland,Kenny Mclean,MID,41,2,0.049,0.057,0.055,CURRENT_NATIONAL_PLAYER,600000
Scotland,Anthony Ralston,DEF,21,1,0.048,0.062,0.06,RECENT_NATIONAL_PLAYER,1500000
Scotland,Findlay Curtis,MID,0,0,,0.12,0.113,,100000
Scotland,Scott Mckenna,DEF,42,1,0.024,0.034,0.033,CURRENT_NATIONAL_PLAYER,4000000
Australia,Mathew Ryan,GK,96,0,0.0,0.006,0.006,RECENT_NATIONAL_PLAYER,2500000
Australia,Milos Degenek,DEF,45,1,0.022,0.032,0.031,CURRENT_NATIONAL_PLAYER,500000
Australia,Alessandro Circati,DEF,0,0,,0.12,0.113,,8000000
Australia,Jacob Italiano,,0,0,,0.12,0.113,,
Australia,Jordan Bos,DEF,0,0,,0.12,0.113,,2700000
Australia,Jason Geria,DEF,14,1,0.071,0.084,0.081,FORMER_NATIONAL_PLAYER,450000
Australia,Mathew Leckie,ATT,79,14,0.177,0.174,0.16,FORMER_NATIONAL_PLAYER,400000
Australia,Connor Metcalfe,MID,0,0,,0.12,0.113,,2500000
Australia,Mohamed Toure,ATT,0,0,,0.12,0.113,,900000
Australia,Ajdin Hrustic,MID,31,4,0.129,0.128,0.12,CURRENT_NATIONAL_PLAYER,400000
Australia,Awer Mabil,ATT,35,9,0.257,0.24,0.213,FORMER_NATIONAL_PLAYER,300000
Australia,Paul Izzo,GK,0,0,,0.12,0.113,,600000
Australia,Aiden Oneill,,0,0,,0.12,0.113,,
Australia,Cammy Devlin,MID,4,0,0.0,0.067,0.064,FORMER_NATIONAL_PLAYER,1000000
Australia,Kai Trewin,DEF,0,0,,0.12,0.113,,750000
Australia,Aziz Behich,DEF,77,2,0.026,0.032,0.031,RECENT_NATIONAL_PLAYER,300000
Australia,Nestory Irankunda,ATT,7,11,1.571,0.967,0.62,FORMER_NATIONAL_PLAYER,4000000
Australia,Patrick Beach,GK,0,0,,0.12,0.113,,500000
Australia,Harry Souttar,DEF,36,11,0.306,0.283,0.246,RECENT_NATIONAL_PLAYER,6000000
Australia,Cristian Volpato,MID,9,1,0.111,0.114,0.108,RECENT_NATIONAL_PLAYER,6500000
Australia,Cameron Burgess,DEF,13,0,0.0,0.033,0.033,CURRENT_NATIONAL_PLAYER,2000000
Australia,Jackson Irvine,MID,76,11,0.145,0.143,0.133,RECENT_NATIONAL_PLAYER,2000000
Australia,Nishan Velupillay,ATT,0,0,,0.12,0.113,,500000
Australia,Paul Okon-Engstler,,0,0,,0.12,0.113,,
Australia,Lucas Herrington,,0,0,,0.12,0.113,,
Australia,Tete Yengi,ATT,0,0,,0.12,0.113,,150000
Paraguay,Gatito Fernandez,,0,0,,0.12,0.113,,
Paraguay,Gustavo Velazquez,DEF,10,1,0.1,0.107,0.101,CURRENT_NATIONAL_PLAYER,800000
Paraguay,Omar Alderete,DEF,31,3,0.097,0.1,0.095,CURRENT_NATIONAL_PLAYER,8000000
Paraguay,Juan Jose Caceres,,0,0,,0.12,0.113,,
Paraguay,Fabian Balbuena,DEF,46,2,0.043,0.051,0.05,RECENT_NATIONAL_PLAYER,2000000
Paraguay,Junior Alonso,DEF,64,3,0.047,0.052,0.051,CURRENT_NATIONAL_PLAYER,3000000
Paraguay,Ramon Sosa,ATT,25,1,0.04,0.053,0.052,CURRENT_NATIONAL_PLAYER,12000000
Paraguay,Diego Gomez,MID,0,0,,0.12,0.113,,14000000
Paraguay,Antonio Sanabria,ATT,41,6,0.146,0.143,0.134,CURRENT_NATIONAL_PLAYER,2800000
Paraguay,Miguel Almiron,ATT,0,0,,0.12,0.113,,10000000
Paraguay,Mauricio,MID,0,0,,0.12,0.113,,12000000
Paraguay,Orlando Gill,,0,0,,0.12,0.113,,
Paraguay,Jose Canale,,0,0,,0.12,0.113,,
Paraguay,Andres Cubas,MID,31,0,0.0,0.017,0.017,CURRENT_NATIONAL_PLAYER,4000000
Paraguay,Gustavo Gomez,DEF,83,4,0.048,0.052,0.051,CURRENT_NATIONAL_PLAYER,5000000
Paraguay,Damian Bobadilla,MID,0,0,,0.12,0.113,,4000000
Paraguay,Kaku,MID,31,5,0.161,0.156,0.144,CURRENT_NATIONAL_PLAYER,4500000
Paraguay,Alex Arce,,0,0,,0.12,0.113,,
Paraguay,Julio Enciso,MID,27,4,0.148,0.144,0.134,RECENT_NATIONAL_PLAYER,22000000
Paraguay,Braian Ojeda,MID,0,0,,0.12,0.113,,4000000
Paraguay,Gabriel Avalos,,0,0,,0.12,0.113,,
Paraguay,Gaston Olveira,,0,0,,0.12,0.113,,
Paraguay,Matias Galarza,MID,0,0,,0.12,0.113,,4700000
Paraguay,Gustavo Caballero,,0,0,,0.12,0.113,,
Paraguay,Isidro Pitta,ATT,5,0,0.0,0.06,0.058,RECENT_NATIONAL_PLAYER,7500000
Paraguay,Alexandro Maidana,,0,0,,0.12,0.113,,
Turkey,Mert Gunok,GK,37,0,0.0,0.014,0.014,CURRENT_NATIONAL_PLAYER,1000000
Turkey,Zeki Celik,DEF,55,2,0.036,0.043,0.042,CURRENT_NATIONAL_PLAYER,6000000
Turkey,Merih Demiral,DEF,57,4,0.07,0.074,0.072,CURRENT_NATIONAL_PLAYER,13000000
Turkey,Caglar Soyuncu,,0,0,,0.12,0.113,,
Turkey,Salih Ozcan,MID,24,0,0.0,0.021,0.02,CURRENT_NATIONAL_PLAYER,4000000
Turkey,Orkun Kokcu,MID,43,3,0.07,0.075,0.072,CURRENT_NATIONAL_PLAYER,30000000
Turkey,Kerem Akturkoglu,ATT,0,0,,0.12,0.113,,24000000
Turkey,Arda Guler,MID,0,0,,0.12,0.113,,45000000
Turkey,Deniz Gul,ATT,4,2,0.5,0.289,0.251,RECENT_NATIONAL_PLAYER,4000000
Turkey,Hakan Calhanoglu,MID,99,21,0.212,0.208,0.188,CURRENT_NATIONAL_PLAYER,30000000
Turkey,Kenan Yildiz,,0,0,,0.12,0.113,,
Turkey,Altay Bayindir,,0,0,,0.12,0.113,,
Turkey,Eren Elmali,,0,0,,0.12,0.113,,
Turkey,Abdulkerim Bardakci,,0,0,,0.12,0.113,,
Turkey,Ozan Kabak,DEF,26,2,0.077,0.084,0.08,FORMER_NATIONAL_PLAYER,5000000
Turkey,Ismail Yuksek,MID,0,0,,0.12,0.113,,11000000
Turkey,Irfan Can Kahveci,ATT,42,5,0.119,0.119,0.112,CURRENT_NATIONAL_PLAYER,7000000
Turkey,Mert Muldur,DEF,38,3,0.079,0.084,0.08,CURRENT_NATIONAL_PLAYER,6000000
Turkey,Yunus Akgun,ATT,24,4,0.167,0.159,0.147,FORMER_NATIONAL_PLAYER,14000000
Turkey,Ferdi Kadioglu,,0,0,,0.12,0.113,,
Turkey,Baris Alper Yilmaz,,0,0,,0.12,0.113,,
Turkey,Kaan Ayhan,MID,0,0,,0.12,0.113,,4000000
Turkey,Ugurcan Cakir,,0,0,,0.12,0.113,,
Turkey,Oguz Aydin,,0,0,,0.12,0.113,,
Turkey,Samet Akaydin,DEF,14,1,0.071,0.084,0.081,CURRENT_NATIONAL_PLAYER,1500000
Turkey,Can Uzun,MID,0,0,,0.12,0.113,,18000000
United States,Matt Turner,GK,52,0,0.0,0.011,0.01,RECENT_NATIONAL_PLAYER,2500000
United States,Sergino Dest,DEF,34,2,0.059,0.067,0.064,CURRENT_NATIONAL_PLAYER,16000000
United States,Chris Richards,DEF,32,3,0.094,0.097,0.093,CURRENT_NATIONAL_PLAYER,14000000
United States,Tyler Adams,MID,51,2,0.039,0.046,0.045,CURRENT_NATIONAL_PLAYER,18000000
United States,Antonee Robinson,DEF,50,4,0.08,0.084,0.08,RECENT_NATIONAL_PLAYER,35000000
United States,Auston Trusty,DEF,11,1,0.091,0.1,0.095,FORMER_NATIONAL_PLAYER,6000000
United States,Giovanni Reyna,MID,0,0,,0.12,0.113,,7000000
United States,Weston Mckennie,MID,60,11,0.183,0.178,0.163,RECENT_NATIONAL_PLAYER,22000000
United States,Ricardo Pepi,ATT,33,13,0.394,0.358,0.301,RECENT_NATIONAL_PLAYER,16000000
United States,Christian Pulisic,ATT,79,32,0.405,0.388,0.322,CURRENT_NATIONAL_PLAYER,50000000
United States,Brenden Aaronson,MID,53,9,0.17,0.166,0.153,RECENT_NATIONAL_PLAYER,15000000
United States,Miles Robinson,DEF,35,3,0.086,0.09,0.086,RECENT_NATIONAL_PLAYER,3500000
United States,Tim Ream,DEF,76,1,0.013,0.02,0.02,CURRENT_NATIONAL_PLAYER,300000
United States,Sebastian Berhalter,MID,0,0,,0.12,0.113,,2000000
United States,Cristian Roldan,MID,0,0,,0.12,0.113,,4000000
United States,Alex Freeman,DEF,8,0,0.0,0.046,0.045,CURRENT_NATIONAL_PLAYER,2000000
United States,Malik Tillman,MID,0,0,,0.12,0.113,,32000000
United States,Max Arfsten,,0,0,,0.12,0.113,,
United States,Haji Wright,ATT,34,27,0.794,0.708,0.507,FORMER_NATIONAL_PLAYER,8000000
United States,Folarin Balogun,ATT,18,5,0.278,0.243,0.216,CURRENT_NATIONAL_PLAYER,18000000
United States,Timothy Weah,ATT,0,0,,0.12,0.113,,17000000
United States,Mark Mckenzie,DEF,22,0,0.0,0.022,0.022,RECENT_NATIONAL_PLAYER,6000000
United States,Joe Scally,DEF,22,1,0.045,0.059,0.058,FORMER_NATIONAL_PLAYER,10000000
United States,Matt Freese,GK,0,0,,0.12,0.113,,800000
United States,Chris Brady,GK,9,0,0.0,0.043,0.042,FORMER_NATIONAL_PLAYER,2500000
United States,Alejandro Zendejas,,0,0,,0.12,0.113,,
Curaçao,Eloy Room,GK,59,0,0.0,0.009,0.009,CURRENT_NATIONAL_PLAYER,200000
Curaçao,Shurandy Sambo,DEF,11,0,0.0,0.037,0.037,FORMER_NATIONAL_PLAYER,2000000
Curaçao,Jurien Gaari,DEF,0,0,,0.12,0.113,,400000
Curaçao,Roshon van Eijma,DEF,19,0,0.0,0.025,0.025,CURRENT_NATIONAL_PLAYER,450000
Curaçao,Sherel Floranus,DEF,18,0,0.0,0.026,0.026,CURRENT_NATIONAL_PLAYER,850000
Curaçao,Godfried Roemeratoe,MID,0,0,,0.12,0.113,,500000
Curaçao,Juninho Bacuna,MID,39,12,0.308,0.286,0.249,CURRENT_NATIONAL_PLAYER,3000000
Curaçao,Livano Comenencia,DEF,0,0,,0.12,0.113,,500000
Curaçao,Jurgen Locadia,ATT,14,4,0.286,0.242,0.215,FORMER_NATIONAL_PLAYER,200000
Curaçao,Leandro Bacuna,MID,60,15,0.25,0.24,0.213,CURRENT_NATIONAL_PLAYER,300000
Curaçao,Jeremy Antonisse,ATT,0,0,,0.12,0.113,,700000
Curaçao,Sontje Hansen,ATT,24,13,0.542,0.469,0.374,FORMER_NATIONAL_PLAYER,4000000
Curaçao,Tyrese Noslin,MID,3,1,0.333,0.2,0.181,FORMER_NATIONAL_PLAYER,400000
Curaçao,Kenji Gorre,ATT,31,4,0.129,0.128,0.12,CURRENT_NATIONAL_PLAYER,750000
Curaçao,Arjany Martha,,0,0,,0.12,0.113,,
Curaçao,Jearl Margaritha,ATT,15,5,0.333,0.28,0.244,CURRENT_NATIONAL_PLAYER,400000
Curaçao,Brandley Kuwas,ATT,31,2,0.065,0.072,0.07,RECENT_NATIONAL_PLAYER,300000
Curaçao,Armando Obispo,,0,0,,0.12,0.113,,
Curaçao,Gervane Kastaneer,ATT,22,9,0.409,0.356,0.299,CURRENT_NATIONAL_PLAYER,175000
Curaçao,Joshua Brenet,,0,0,,0.12,0.113,,
Curaçao,Tahith Chong,MID,0,0,,0.12,0.113,,5000000
Curaçao,Kevin Felida,,0,0,,0.12,0.113,,
Curaçao,Riechedly Bazoer,DEF,12,1,0.083,0.094,0.09,FORMER_NATIONAL_PLAYER,3000000
Curaçao,Deveron Fonville,,0,0,,0.12,0.113,,
Curaçao,Tyrick Bodak,GK,0,0,,0.12,0.113,,25000
Curaçao,Trevor Doornbusch,GK,0,0,,0.12,0.113,,150000
Ecuador,Hernan Galindez,,0,0,,0.12,0.113,,
Ecuador,Felix Torres,DEF,0,0,,0.12,0.113,,1500000
Ecuador,Piero Hincapie,DEF,0,0,,0.12,0.113,,50000000
Ecuador,Joel Ordonez,DEF,0,0,,0.12,0.113,,28000000
Ecuador,Jordy Alcivar,,0,0,,0.12,0.113,,
Ecuador,Willian Pacho,DEF,0,0,,0.12,0.113,,65000000
Ecuador,Pervis Estupinan,DEF,49,4,0.082,0.085,0.082,CURRENT_NATIONAL_PLAYER,30000000
Ecuador,Anthony Valencia,ATT,0,0,,0.12,0.113,FORMER_NATIONAL_PLAYER,1200000
Ecuador,John Yeboah,MID,15,2,0.133,0.13,0.122,CURRENT_NATIONAL_PLAYER,2800000
Ecuador,Kendry Paez,MID,0,0,,0.12,0.113,,10000000
Ecuador,Kevin Rodriguez,ATT,27,2,0.074,0.081,0.078,CURRENT_NATIONAL_PLAYER,1500000
Ecuador,Moises Ramirez,,0,0,,0.12,0.113,,
Ecuador,Enner Valencia,ATT,100,47,0.47,0.453,0.364,CURRENT_NATIONAL_PLAYER,1700000
Ecuador,Alan Minda,ATT,16,2,0.125,0.124,0.116,CURRENT_NATIONAL_PLAYER,3000000
Ecuador,Pedro Vite,MID,0,0,,0.12,0.113,,5000000
Ecuador,Jordy Caicedo,ATT,0,0,,0.12,0.113,,1200000
Ecuador,Angelo Preciado,DEF,50,0,0.0,0.011,0.011,CURRENT_NATIONAL_PLAYER,3800000
Ecuador,Denil Castillo,MID,18,0,0.0,0.026,0.026,FORMER_NATIONAL_PLAYER,3500000
Ecuador,Gonzalo Plata,ATT,45,8,0.178,0.172,0.158,CURRENT_NATIONAL_PLAYER,8000000
Ecuador,Nilson Angulo,ATT,8,0,0.0,0.046,0.045,CURRENT_NATIONAL_PLAYER,2000000
Ecuador,Alan Franco,MID,51,1,0.02,0.029,0.028,CURRENT_NATIONAL_PLAYER,4000000
Ecuador,Gonzalo Valle,,0,0,,0.12,0.113,,
Ecuador,Moises Caicedo,MID,56,3,0.054,0.059,0.057,CURRENT_NATIONAL_PLAYER,90000000
Ecuador,Jeremy Arevalo,ATT,5,0,0.0,0.06,0.058,CURRENT_NATIONAL_PLAYER,200000
Ecuador,Jackson Porozo,DEF,18,0,0.0,0.026,0.026,FORMER_NATIONAL_PLAYER,2000000
Ecuador,Yaimar Medina,,0,0,,0.12,0.113,,
Germany,Manuel Neuer,GK,124,0,0.0,0.005,0.005,RETIRED_NATIONAL_PLAYER,4000000
Germany,Antonio Rudiger,DEF,81,3,0.037,0.042,0.041,CURRENT_NATIONAL_PLAYER,20000000
Germany,Waldemar Anton,DEF,11,0,0.0,0.037,0.037,FORMER_NATIONAL_PLAYER,18000000
Germany,Jonathan Tah,DEF,39,0,0.0,0.014,0.014,CURRENT_NATIONAL_PLAYER,30000000
Germany,Aleksandar Pavlovic,MID,5,1,0.2,0.16,0.148,RECENT_NATIONAL_PLAYER,55000000
Germany,Joshua Kimmich,MID,103,8,0.078,0.08,0.077,CURRENT_NATIONAL_PLAYER,45000000
Germany,Kai Havertz,ATT,55,20,0.364,0.343,0.291,RECENT_NATIONAL_PLAYER,65000000
Germany,Leon Goretzka,MID,63,15,0.238,0.229,0.205,CURRENT_NATIONAL_PLAYER,22000000
Germany,Jamie Leweling,ATT,0,0,,0.12,0.113,,20000000
Germany,Jamal Musiala,MID,40,8,0.2,0.191,0.174,RECENT_NATIONAL_PLAYER,140000000
Germany,Nick Woltemade,ATT,18,13,0.722,0.591,0.446,RECENT_NATIONAL_PLAYER,30000000
Germany,Oliver Baumann,GK,10,0,0.0,0.04,0.039,FORMER_NATIONAL_PLAYER,3000000
Germany,Pascal Gross,,0,0,,0.12,0.113,,
Germany,Maximilian Beier,ATT,8,5,0.625,0.431,0.35,RECENT_NATIONAL_PLAYER,25000000
Germany,Nico Schlotterbeck,DEF,20,0,0.0,0.024,0.024,RECENT_NATIONAL_PLAYER,40000000
Germany,Angelo Stiller,MID,17,2,0.118,0.118,0.111,FORMER_NATIONAL_PLAYER,45000000
Germany,Florian Wirtz,MID,0,0,,0.12,0.113,,140000000
Germany,Nathaniel Brown,DEF,0,0,,0.12,0.113,,22000000
Germany,Leroy Sane,ATT,70,14,0.2,0.195,0.177,RECENT_NATIONAL_PLAYER,32000000
Germany,Nadiem Amiri,MID,0,0,,0.12,0.113,,20000000
Germany,Alexander Nubel,GK,0,0,,0.12,0.113,,12000000
Germany,David Raum,DEF,30,0,0.0,0.017,0.017,CURRENT_NATIONAL_PLAYER,20000000
Germany,Felix Nmecha,MID,4,1,0.25,0.178,0.163,RECENT_NATIONAL_PLAYER,28000000
Germany,Malick Thiaw,DEF,0,0,,0.12,0.113,,18000000
Germany,Assan Ouedraogo,,0,0,,0.12,0.113,,
Germany,Deniz Undav,ATT,6,3,0.5,0.327,0.279,RECENT_NATIONAL_PLAYER,20000000
Ivory Coast,Yahia Fofana,GK,24,0,0.0,0.021,0.02,CURRENT_NATIONAL_PLAYER,7000000
Ivory Coast,Ousmane Diomande,DEF,8,1,0.125,0.123,0.116,RECENT_NATIONAL_PLAYER,45000000
Ivory Coast,Ghislain Konan,DEF,42,0,0.0,0.013,0.013,CURRENT_NATIONAL_PLAYER,1000000
Ivory Coast,Jean Michael Seri,MID,58,4,0.069,0.073,0.07,RECENT_NATIONAL_PLAYER,200000
Ivory Coast,Wilfried Singo,DEF,29,0,0.0,0.018,0.017,CURRENT_NATIONAL_PLAYER,25000000
Ivory Coast,Seko Fofana,MID,22,7,0.318,0.281,0.245,CURRENT_NATIONAL_PLAYER,10000000
Ivory Coast,Odilon Kossounou,DEF,25,0,0.0,0.02,0.02,CURRENT_NATIONAL_PLAYER,25000000
Ivory Coast,Franck Kessie,MID,81,11,0.136,0.135,0.126,RECENT_NATIONAL_PLAYER,14000000
Ivory Coast,Ange-Yoan Bonny,ATT,10,1,0.1,0.107,0.101,FORMER_NATIONAL_PLAYER,20000000
Ivory Coast,Simon Adingra,ATT,14,2,0.143,0.137,0.128,CURRENT_NATIONAL_PLAYER,28000000
Ivory Coast,Yan Diomande,ATT,1,0,0.0,0.1,0.095,CURRENT_NATIONAL_PLAYER,1500000
Ivory Coast,Elye Wahi,ATT,13,3,0.231,0.2,0.181,FORMER_NATIONAL_PLAYER,22000000
Ivory Coast,Christopher Operi,DEF,8,0,0.0,0.046,0.045,CURRENT_NATIONAL_PLAYER,3800000
Ivory Coast,Oumar Diakite,ATT,15,2,0.133,0.13,0.122,RECENT_NATIONAL_PLAYER,6000000
Ivory Coast,Amad Diallo,ATT,6,1,0.167,0.145,0.135,CURRENT_NATIONAL_PLAYER,45000000
Ivory Coast,Mohamed Kone,GK,4,0,0.0,0.067,0.064,CURRENT_NATIONAL_PLAYER,1200000
Ivory Coast,Guela Doue,DEF,0,0,,0.12,0.113,,18000000
Ivory Coast,Ibrahim Sangare,MID,43,11,0.256,0.242,0.215,CURRENT_NATIONAL_PLAYER,24000000
Ivory Coast,Nicolas Pepe,ATT,46,10,0.217,0.208,0.188,RECENT_NATIONAL_PLAYER,6000000
Ivory Coast,Emmanuel Agbadou,DEF,12,1,0.083,0.094,0.09,CURRENT_NATIONAL_PLAYER,20000000
Ivory Coast,Evan Ndicka,DEF,19,0,0.0,0.025,0.025,CURRENT_NATIONAL_PLAYER,30000000
Ivory Coast,Evann Guessand,ATT,0,0,,0.12,0.113,,25000000
Ivory Coast,Alban Lafont,GK,14,0,0.0,0.032,0.031,FORMER_NATIONAL_PLAYER,3000000
Ivory Coast,Bazoumana Toure,ATT,0,0,,0.12,0.113,,9000000
Ivory Coast,Parfait Guiagon,,0,0,,0.12,0.113,,
Ivory Coast,Christ Inao Oulai,MID,0,0,,0.12,0.113,,600000
Japan,Zion Suzuki,GK,19,0,0.0,0.025,0.025,CURRENT_NATIONAL_PLAYER,20000000
Japan,Yukinari Sugawara,DEF,0,0,,0.12,0.113,,11000000
Japan,Shogo Taniguchi,DEF,32,1,0.031,0.043,0.042,RECENT_NATIONAL_PLAYER,1000000
Japan,Ko Itakura,DEF,38,2,0.053,0.06,0.059,CURRENT_NATIONAL_PLAYER,12000000
Japan,Yuto Nagatomo,DEF,144,4,0.028,0.031,0.03,CURRENT_NATIONAL_PLAYER,125000
Japan,Shuto Machino,,0,0,,0.12,0.113,,
Japan,Ao Tanaka,MID,32,8,0.25,0.232,0.207,RECENT_NATIONAL_PLAYER,10000000
Japan,Takefusa Kubo,ATT,45,7,0.156,0.152,0.141,CURRENT_NATIONAL_PLAYER,30000000
Japan,Keisuke Goto,ATT,4,0,0.0,0.067,0.064,FORMER_NATIONAL_PLAYER,1200000
Japan,Ritsu Doan,ATT,58,10,0.172,0.168,0.155,CURRENT_NATIONAL_PLAYER,25000000
Japan,Daizen Maeda,ATT,0,0,,0.12,0.113,,15000000
Japan,Keisuke Osako,GK,11,0,0.0,0.037,0.037,CURRENT_NATIONAL_PLAYER,1700000
Japan,Keito Nakamura,ATT,18,8,0.444,0.374,0.312,RECENT_NATIONAL_PLAYER,8000000
Japan,Junya Ito,ATT,64,14,0.219,0.212,0.191,CURRENT_NATIONAL_PLAYER,6000000
Japan,Daichi Kamada,MID,44,11,0.25,0.237,0.211,CURRENT_NATIONAL_PLAYER,12000000
Japan,Tsuyoshi Watanabe,DEF,0,0,,0.12,0.113,,9000000
Japan,Yuito Suzuki,MID,0,0,,0.12,0.113,,10000000
Japan,Ayase Ueda,ATT,0,0,,0.12,0.113,,8000000
Japan,Koki Ogawa,ATT,0,0,,0.12,0.113,,2500000
Japan,Ayumu Seko,DEF,9,0,0.0,0.043,0.042,CURRENT_NATIONAL_PLAYER,1000000
Japan,Hiroki Ito,DEF,21,1,0.048,0.062,0.06,RECENT_NATIONAL_PLAYER,25000000
Japan,Takehiro Tomiyasu,DEF,42,1,0.024,0.034,0.033,FORMER_NATIONAL_PLAYER,18000000
Japan,Tomoki Hayakawa,GK,0,0,,0.12,0.113,,1000000
Japan,Kaishu Sano,MID,8,0,0.0,0.046,0.045,CURRENT_NATIONAL_PLAYER,20000000
Japan,Junnosuke Suzuki,,0,0,,0.12,0.113,,
Japan,Kento Shiogai,,0,0,,0.12,0.113,,
Netherlands,Bart Verbruggen,GK,0,0,,0.12,0.113,,30000000
Netherlands,Lutsharel Geertruida,DEF,17,0,0.0,0.027,0.027,RECENT_NATIONAL_PLAYER,20000000
Netherlands,Marten de Roon,MID,42,1,0.024,0.034,0.033,FORMER_NATIONAL_PLAYER,5000000
Netherlands,Virgil van Dijk,DEF,84,10,0.119,0.119,0.112,CURRENT_NATIONAL_PLAYER,23000000
Netherlands,Nathan Ake,DEF,55,5,0.091,0.093,0.089,CURRENT_NATIONAL_PLAYER,25000000
Netherlands,Jan Paul van Hecke,DEF,8,0,0.0,0.046,0.045,FORMER_NATIONAL_PLAYER,32000000
Netherlands,Justin Kluivert,MID,20,5,0.25,0.224,0.201,FORMER_NATIONAL_PLAYER,35000000
Netherlands,Ryan Gravenberch,MID,21,1,0.048,0.062,0.06,CURRENT_NATIONAL_PLAYER,75000000
Netherlands,Wout Weghorst,ATT,47,14,0.298,0.281,0.245,CURRENT_NATIONAL_PLAYER,4000000
Netherlands,Memphis Depay,ATT,104,52,0.5,0.483,0.383,CURRENT_NATIONAL_PLAYER,9000000
Netherlands,Cody Gakpo,ATT,42,15,0.357,0.332,0.282,CURRENT_NATIONAL_PLAYER,70000000
Netherlands,Mats Wieffer,MID,14,1,0.071,0.084,0.081,RECENT_NATIONAL_PLAYER,25000000
Netherlands,Robin Roefs,GK,10,0,0.0,0.04,0.039,RECENT_NATIONAL_PLAYER,4000000
Netherlands,Tijjani Reijnders,MID,25,4,0.16,0.153,0.142,CURRENT_NATIONAL_PLAYER,60000000
Netherlands,Micky van de Ven,DEF,14,1,0.071,0.084,0.081,CURRENT_NATIONAL_PLAYER,50000000
Netherlands,Guus Til,MID,0,0,,0.12,0.113,,12000000
Netherlands,Noa Lang,ATT,14,3,0.214,0.189,0.173,CURRENT_NATIONAL_PLAYER,25000000
Netherlands,Donyell Malen,ATT,45,11,0.244,0.232,0.207,CURRENT_NATIONAL_PLAYER,25000000
Netherlands,Brian Brobbey,ATT,24,16,0.667,0.572,0.436,FORMER_NATIONAL_PLAYER,22000000
Netherlands,Teun Koopmeiners,MID,25,3,0.12,0.12,0.113,CURRENT_NATIONAL_PLAYER,35000000
Netherlands,Frenkie de Jong,MID,60,2,0.033,0.04,0.039,RECENT_NATIONAL_PLAYER,45000000
Netherlands,Denzel Dumfries,DEF,67,11,0.164,0.161,0.149,CURRENT_NATIONAL_PLAYER,35000000
Netherlands,Mark Flekken,GK,10,0,0.0,0.04,0.039,CURRENT_NATIONAL_PLAYER,10000000
Netherlands,Crysencio Summerville,ATT,16,1,0.062,0.076,0.073,FORMER_NATIONAL_PLAYER,22000000
Netherlands,Jorrel Hato,DEF,0,0,,0.12,0.113,,35000000
Netherlands,Quinten Timber,MID,14,1,0.071,0.084,0.081,FORMER_NATIONAL_PLAYER,30000000
Sweden,Jacob Widell Zetterstrom,GK,1,0,0.0,0.1,0.095,RECENT_NATIONAL_PLAYER,2500000
Sweden,Gustaf Lagerbielke,DEF,5,0,0.0,0.06,0.058,FORMER_NATIONAL_PLAYER,3000000
Sweden,Victor Lindelof,DEF,71,3,0.042,0.047,0.046,RECENT_NATIONAL_PLAYER,8000000
Sweden,Isak Hien,DEF,23,0,0.0,0.021,0.021,CURRENT_NATIONAL_PLAYER,30000000
Sweden,Gabriel Gudmundsson,DEF,17,0,0.0,0.027,0.027,CURRENT_NATIONAL_PLAYER,7000000
Sweden,Herman Johansson,MID,0,0,,0.12,0.113,,1000000
Sweden,Lucas Bergvall,MID,5,1,0.2,0.16,0.148,FORMER_NATIONAL_PLAYER,38000000
Sweden,Daniel Svensson,DEF,19,2,0.105,0.108,0.103,FORMER_NATIONAL_PLAYER,12000000
Sweden,Alexander Isak,ATT,53,16,0.302,0.286,0.249,CURRENT_NATIONAL_PLAYER,120000000
Sweden,Benjamin Nygren,ATT,13,2,0.154,0.144,0.134,FORMER_NATIONAL_PLAYER,6000000
Sweden,Anthony Elanga,ATT,24,5,0.208,0.193,0.176,CURRENT_NATIONAL_PLAYER,42000000
Sweden,Viktor Johansson,GK,0,0,,0.12,0.113,,8000000
Sweden,Ken Sema,ATT,29,5,0.172,0.165,0.152,CURRENT_NATIONAL_PLAYER,1300000
Sweden,Hjalmar Ekdal,DEF,11,0,0.0,0.037,0.037,CURRENT_NATIONAL_PLAYER,4500000
Sweden,Carl Starfelt,DEF,14,0,0.0,0.032,0.031,RECENT_NATIONAL_PLAYER,6000000
Sweden,Jesper Karlstrom,MID,19,0,0.0,0.025,0.025,CURRENT_NATIONAL_PLAYER,4000000
Sweden,Viktor Gyokeres,ATT,28,15,0.536,0.473,0.377,CURRENT_NATIONAL_PLAYER,75000000
Sweden,Yasin Ayari,MID,0,0,,0.12,0.113,,22000000
Sweden,Mattias Svanberg,MID,34,2,0.059,0.067,0.064,FORMER_NATIONAL_PLAYER,12000000
Sweden,Eric Smith,DEF,6,0,0.0,0.055,0.053,FORMER_NATIONAL_PLAYER,5000000
Sweden,Alexander Bernhardsson,ATT,5,0,0.0,0.06,0.058,CURRENT_NATIONAL_PLAYER,3000000
Sweden,Besfort Zeneli,MID,6,0,0.0,0.055,0.053,FORMER_NATIONAL_PLAYER,4000000
Sweden,Kristoffer Nordfeldt,GK,18,0,0.0,0.026,0.026,CURRENT_NATIONAL_PLAYER,200000
Sweden,Elliot Stroud,MID,0,0,,0.12,0.113,,2500000
Sweden,Gustaf Nilsson,ATT,8,3,0.375,0.277,0.242,RECENT_NATIONAL_PLAYER,5000000
Sweden,Taha Ali,ATT,1,0,0.0,0.1,0.095,FORMER_NATIONAL_PLAYER,1000000
Tunisia,Mouhib Chamakh,,0,0,,0.12,0.113,,
Tunisia,Ali Abdi,DEF,0,0,,0.12,0.113,,3000000
Tunisia,Montassar Talbi,DEF,53,2,0.038,0.045,0.044,CURRENT_NATIONAL_PLAYER,6000000
Tunisia,Omar Rekik,DEF,3,0,0.0,0.075,0.072,FORMER_NATIONAL_PLAYER,500000
Tunisia,Adem Arous,,0,0,,0.12,0.113,,
Tunisia,Dylan Bronn,DEF,44,2,0.045,0.053,0.052,CURRENT_NATIONAL_PLAYER,1000000
Tunisia,Elias Achouri,ATT,22,2,0.091,0.096,0.092,CURRENT_NATIONAL_PLAYER,3500000
Tunisia,Elias Saad,ATT,0,0,,0.12,0.113,,4000000
Tunisia,Hazem Mastouri,,0,0,,0.12,0.113,,
Tunisia,Hannibal Mejbri,MID,35,0,0.0,0.015,0.015,CURRENT_NATIONAL_PLAYER,12000000
Tunisia,Ismael Gharbi,ATT,0,0,,0.12,0.113,,7500000
Tunisia,Mortadha Ben Ouanes,ATT,0,0,,0.12,0.113,,1500000
Tunisia,Rani Khedira,MID,6,0,0.0,0.055,0.053,FORMER_NATIONAL_PLAYER,2500000
Tunisia,Khalil Ayari,,0,0,,0.12,0.113,,
Tunisia,Hadj Mahmoud,,0,0,,0.12,0.113,,
Tunisia,Aymen Dahmen,,0,0,,0.12,0.113,,
Tunisia,Ellyes Skhiri,MID,70,3,0.043,0.048,0.047,RECENT_NATIONAL_PLAYER,7500000
Tunisia,Rayan Elloumi,,0,0,,0.12,0.113,,
Tunisia,Firas Chaouat,,0,0,,0.12,0.113,,
Tunisia,Yan Valery,DEF,12,0,0.0,0.035,0.035,CURRENT_NATIONAL_PLAYER,1400000
Tunisia,Mohamed Amine Ben Hamida,,0,0,,0.12,0.113,,
Tunisia,Sabri Ben Hessen,,0,0,,0.12,0.113,,
Tunisia,Moutaz Neffati,DEF,2,1,0.5,0.229,0.204,FORMER_NATIONAL_PLAYER,800000
Tunisia,Raed Chikhaoui,,0,0,,0.12,0.113,,
Tunisia,Anis Ben Slimane,MID,38,4,0.105,0.107,0.101,RECENT_NATIONAL_PLAYER,3000000
Tunisia,Sebastian Tounekti,ATT,5,0,0.0,0.06,0.058,RETIRED_NATIONAL_PLAYER,1200000
Belgium,Thibaut Courtois,GK,105,0,0.0,0.005,0.005,CURRENT_NATIONAL_PLAYER,20000000
Belgium,Zeno Debast,,0,0,,0.12,0.113,,
Belgium,Arthur Theate,DEF,0,0,,0.12,0.113,,24000000
Belgium,Brandon Mechele,DEF,0,0,,0.12,0.113,,3500000
Belgium,Maxim De Cuyper,DEF,12,4,0.333,0.271,0.237,CURRENT_NATIONAL_PLAYER,16000000
Belgium,Axel Witsel,DEF,0,0,,0.12,0.113,,2000000
Belgium,Kevin De Bruyne,MID,113,34,0.301,0.293,0.254,CURRENT_NATIONAL_PLAYER,20000000
Belgium,Youri Tielemans,MID,79,12,0.152,0.15,0.139,CURRENT_NATIONAL_PLAYER,38000000
Belgium,Romelu Lukaku,ATT,124,89,0.718,0.695,0.501,RECENT_NATIONAL_PLAYER,22000000
Belgium,Leandro Trossard,ATT,47,10,0.213,0.204,0.184,CURRENT_NATIONAL_PLAYER,22000000
Belgium,Jeremy Doku,ATT,35,5,0.143,0.14,0.131,CURRENT_NATIONAL_PLAYER,50000000
Belgium,Senne Lammens,GK,9,0,0.0,0.043,0.042,RECENT_NATIONAL_PLAYER,9000000
Belgium,Mike Penders,GK,7,0,0.0,0.05,0.049,FORMER_NATIONAL_PLAYER,12000000
Belgium,Dodi Lukebakio,ATT,26,2,0.077,0.084,0.08,RECENT_NATIONAL_PLAYER,20000000
Belgium,Thomas Meunier,DEF,73,9,0.123,0.123,0.116,CURRENT_NATIONAL_PLAYER,2000000
Belgium,Koni De Winter,DEF,18,0,0.0,0.026,0.026,FORMER_NATIONAL_PLAYER,22000000
Belgium,Charles De Ketelaere,MID,23,2,0.087,0.093,0.089,CURRENT_NATIONAL_PLAYER,35000000
Belgium,Joaquin Seys,DEF,0,0,,0.12,0.113,,8000000
Belgium,Diego Moreira,MID,0,0,,0.12,0.113,,18000000
Belgium,Hans Vanaken,MID,0,0,,0.12,0.113,,7000000
Belgium,Timothy Castagne,DEF,0,0,,0.12,0.113,,13000000
Belgium,Alexis Saelemaekers,ATT,18,1,0.056,0.07,0.067,CURRENT_NATIONAL_PLAYER,17000000
Belgium,Nicolas Raskin,MID,14,0,0.0,0.032,0.031,FORMER_NATIONAL_PLAYER,10000000
Belgium,Amadou Onana,MID,0,0,,0.12,0.113,,50000000
Belgium,Nathan Ngoy,DEF,8,0,0.0,0.046,0.045,FORMER_NATIONAL_PLAYER,3500000
Belgium,Matias Fernandez-Pardo,ATT,10,3,0.3,0.24,0.213,FORMER_NATIONAL_PLAYER,15000000
Egypt,Mohamed Shenawy,,0,0,,0.12,0.113,,
Egypt,Yasser Ibrahim,,0,0,,0.12,0.113,,
Egypt,Mohamed Hany,,0,0,,0.12,0.113,,
Egypt,Hossam Abdelmaguid,,0,0,,0.12,0.113,,
Egypt,Ramy Rabia,,0,0,,0.12,0.113,,
Egypt,Mohamed Abdelmonem,DEF,0,0,,0.12,0.113,,4000000
Egypt,Trezeguet,,0,0,,0.12,0.113,,
Egypt,Emam Ashour,MID,0,0,,0.12,0.113,,4000000
Egypt,Hamza Abdelkarim,,0,0,,0.12,0.113,,
Egypt,Mohamed Salah,ATT,105,59,0.562,0.542,0.418,CURRENT_NATIONAL_PLAYER,50000000
Egypt,Mostafa Ziko,,0,0,,0.12,0.113,,
Egypt,Haissem Hassan,ATT,12,2,0.167,0.153,0.142,FORMER_NATIONAL_PLAYER,2500000
Egypt,Ahmed Fatouh,,0,0,,0.12,0.113,,
Egypt,Hamdy Fathy,,0,0,,0.12,0.113,,
Egypt,Karim Hafez,DEF,7,0,0.0,0.05,0.049,FORMER_NATIONAL_PLAYER,300000
Egypt,El Mahdy Soliman,,0,0,,0.12,0.113,,
Egypt,Mohanad Lasheen,,0,0,,0.12,0.113,,
Egypt,Nabil Emad,,0,0,,0.12,0.113,,
Egypt,Marwan Attia,,0,0,,0.12,0.113,,
Egypt,Ibrahim Adel,,0,0,,0.12,0.113,,
Egypt,Mahmoud Saber,,0,0,,0.12,0.113,,
Egypt,Omar Marmoush,ATT,39,7,0.179,0.173,0.159,CURRENT_NATIONAL_PLAYER,75000000
Egypt,Mostafa Shobeir,,0,0,,0.12,0.113,,
Egypt,Tarek Alaa,,0,0,,0.12,0.113,,
Egypt,Zizo,,0,0,,0.12,0.113,,
Egypt,Mohamed Alaa,,0,0,,0.12,0.113,,
Iran,Alireza Beiranvand,GK,80,0,0.0,0.007,0.007,RECENT_NATIONAL_PLAYER,800000
Iran,Saleh Hardani,,0,0,,0.12,0.113,,
Iran,Ehsan Hajsafi,DEF,0,0,,0.12,0.113,,300000
Iran,Shojae Khalilzadeh,,0,0,,0.12,0.113,,
Iran,Milad Mohammadi,DEF,71,1,0.014,0.021,0.021,RECENT_NATIONAL_PLAYER,1200000
Iran,Saeid Ezatolahi,,0,0,,0.12,0.113,,
Iran,Alireza Jahanbakhsh,ATT,95,17,0.179,0.176,0.161,CURRENT_NATIONAL_PLAYER,1500000
Iran,Mohammad Mohebi,ATT,29,11,0.379,0.341,0.289,CURRENT_NATIONAL_PLAYER,3000000
Iran,Mehdi Taremi,ATT,99,57,0.576,0.554,0.425,CURRENT_NATIONAL_PLAYER,3500000
Iran,Mehdi Ghayedi,,0,0,,0.12,0.113,,
Iran,Ali Alipour,ATT,8,1,0.125,0.123,0.116,CURRENT_NATIONAL_PLAYER,1200000
Iran,Payam Niazmand,GK,13,0,0.0,0.033,0.033,CURRENT_NATIONAL_PLAYER,650000
Iran,Hossein Kanaanizadegan,,0,0,,0.12,0.113,,
Iran,Saman Ghoddos,MID,61,3,0.049,0.055,0.053,CURRENT_NATIONAL_PLAYER,1500000
Iran,Rouzbeh Cheshmi,,0,0,,0.12,0.113,,
Iran,Mehdi Torabi,ATT,0,0,,0.12,0.113,,1500000
Iran,Aria Yousefi,,0,0,,0.12,0.113,,
Iran,Amirhossein Hosseinzadeh,ATT,0,0,,0.12,0.113,,1500000
Iran,Ali Nemati,,0,0,,0.12,0.113,,
Iran,Shahriyar Moghanlou,,0,0,,0.12,0.113,,
Iran,Mohammad Ghorbani,,0,0,,0.12,0.113,,
Iran,Hossein Hosseini,,0,0,,0.12,0.113,,
Iran,Ramin Rezaeian,,0,0,,0.12,0.113,,
Iran,Dennis Eckert,,0,0,,0.12,0.113,,
Iran,Danial Eiri,,0,0,,0.12,0.113,,
Iran,Amirmohammad Razzaghinia,,0,0,,0.12,0.113,,
New Zealand,Max Crocombe,GK,12,0,0.0,0.035,0.035,CURRENT_NATIONAL_PLAYER,225000
New Zealand,Tim Payne,DEF,33,2,0.061,0.068,0.066,CURRENT_NATIONAL_PLAYER,450000
New Zealand,Francis de Vries,DEF,6,0,0.0,0.055,0.053,CURRENT_NATIONAL_PLAYER,600000
New Zealand,Tyler Bindon,DEF,3,0,0.0,0.075,0.072,CURRENT_NATIONAL_PLAYER,1200000
New Zealand,Michael Boxall,DEF,0,0,,0.12,0.113,,150000
New Zealand,Joe Bell,MID,0,0,,0.12,0.113,,2000000
New Zealand,Matthew Garbett,MID,28,5,0.179,0.17,0.156,RECENT_NATIONAL_PLAYER,400000
New Zealand,Marko Stamenic,MID,29,2,0.069,0.076,0.074,CURRENT_NATIONAL_PLAYER,3000000
New Zealand,Chris Wood,ATT,84,44,0.524,0.501,0.394,CURRENT_NATIONAL_PLAYER,10000000
New Zealand,Sarpreet Singh,MID,14,1,0.071,0.084,0.081,CURRENT_NATIONAL_PLAYER,300000
New Zealand,Elijah Just,,0,0,,0.12,0.113,,
New Zealand,Alex Paulsen,,0,0,,0.12,0.113,,
New Zealand,Liberato Cacace,DEF,35,1,0.029,0.04,0.039,RECENT_NATIONAL_PLAYER,3000000
New Zealand,Alex Rufer,MID,8,0,0.0,0.046,0.045,CURRENT_NATIONAL_PLAYER,600000
New Zealand,Nando Pijnaker,,0,0,,0.12,0.113,,
New Zealand,Finn Surman,DEF,10,1,0.1,0.107,0.101,FORMER_NATIONAL_PLAYER,800000
New Zealand,Kosta Barbarouses,ATT,54,4,0.074,0.078,0.075,CURRENT_NATIONAL_PLAYER,350000
New Zealand,Ben Waine,ATT,20,7,0.35,0.304,0.262,RECENT_NATIONAL_PLAYER,550000
New Zealand,Ben Old,ATT,12,1,0.083,0.094,0.09,CURRENT_NATIONAL_PLAYER,700000
New Zealand,Callum Mccowatt,,0,0,,0.12,0.113,,
New Zealand,Jesse Randall,ATT,0,0,,0.12,0.113,,350000
New Zealand,Michael Woud,GK,12,0,0.0,0.035,0.035,FORMER_NATIONAL_PLAYER,200000
New Zealand,Ryan Thomas,MID,18,3,0.167,0.157,0.145,CURRENT_NATIONAL_PLAYER,700000
New Zealand,Callan Elliot,DEF,8,0,0.0,0.046,0.045,FORMER_NATIONAL_PLAYER,300000
New Zealand,Lachlan Bayliss,MID,0,0,,0.12,0.113,FORMER_NATIONAL_PLAYER,350000
New Zealand,Tommy Smith,DEF,50,2,0.04,0.047,0.046,RECENT_NATIONAL_PLAYER,100000
Cape Verde,Vozinha,,0,0,,0.12,0.113,,
Cape Verde,Stopira,DEF,58,3,0.052,0.057,0.056,CURRENT_NATIONAL_PLAYER,50000
Cape Verde,Diney,,0,0,,0.12,0.113,,
Cape Verde,Roberto Lopes,,0,0,,0.12,0.113,,
Cape Verde,Logan Costa,DEF,0,0,,0.12,0.113,,18000000
Cape Verde,Kevin Pina,,0,0,,0.12,0.113,,
Cape Verde,Jovane Cabral,ATT,14,2,0.143,0.137,0.128,CURRENT_NATIONAL_PLAYER,1000000
Cape Verde,Joao Paulo,ATT,0,0,,0.12,0.113,,
Cape Verde,Gilson Benchimol,,0,0,,0.12,0.113,,
Cape Verde,Jamiro Monteiro,MID,41,5,0.122,0.122,0.115,CURRENT_NATIONAL_PLAYER,1000000
Cape Verde,Garry Rodrigues,ATT,55,8,0.145,0.143,0.134,RECENT_NATIONAL_PLAYER,500000
Cape Verde,Marcio Rosa,,0,0,,0.12,0.113,,
Cape Verde,Sidny Lopes Cabral,DEF,0,0,,0.12,0.113,,350000
Cape Verde,Deroy Duarte,,0,0,,0.12,0.113,,
Cape Verde,Laros Duarte,,0,0,,0.12,0.113,,
Cape Verde,Yannick Semedo,MID,0,0,,0.12,0.113,,400000
Cape Verde,Willy Semedo,ATT,0,0,,0.12,0.113,,1000000
Cape Verde,Telmo Arcanjo,ATT,8,0,0.0,0.046,0.045,CURRENT_NATIONAL_PLAYER,3000000
Cape Verde,Dailon Livramento,ATT,0,0,,0.12,0.113,,800000
Cape Verde,Ryan Mendes,ATT,0,0,,0.12,0.113,,450000
Cape Verde,Nuno Da Costa,ATT,3,1,0.333,0.2,0.181,FORMER_NATIONAL_PLAYER,600000
Cape Verde,Steven Moreira,DEF,15,0,0.0,0.03,0.03,CURRENT_NATIONAL_PLAYER,1800000
Cape Verde,Cj Dos Santos,GK,8,0,0.0,0.046,0.045,FORMER_NATIONAL_PLAYER,800000
Cape Verde,Wagner Pina,DEF,9,0,0.0,0.043,0.042,RECENT_NATIONAL_PLAYER,5000000
Cape Verde,Kelvin Pires,,0,0,,0.12,0.113,,
Cape Verde,Helio Varela,ATT,0,0,,0.12,0.113,,1200000
Saudi Arabia,Nawaf Aqidi,,0,0,,0.12,0.113,,
Saudi Arabia,Ali Majrashi,,0,0,,0.12,0.113,,
Saudi Arabia,Ali Lajami,,0,0,,0.12,0.113,,
Saudi Arabia,Abdulelah Amri,,0,0,,0.12,0.113,,
Saudi Arabia,Hassan Tambakti,,0,0,,0.12,0.113,,
Saudi Arabia,Nasser Dawsari,,0,0,,0.12,0.113,,
Saudi Arabia,Musab Juwayr,,0,0,,0.12,0.113,,
Saudi Arabia,Ayman Yahya,,0,0,,0.12,0.113,,
Saudi Arabia,Firas Buraikan,,0,0,,0.12,0.113,,
Saudi Arabia,Salem Dawsari,,0,0,,0.12,0.113,,
Saudi Arabia,Saleh Shehri,,0,0,,0.12,0.113,,
Saudi Arabia,Saud Abdulhamid,DEF,0,0,,0.12,0.113,,3000000
Saudi Arabia,Nawaf Boushal,,0,0,,0.12,0.113,,
Saudi Arabia,Hassan Kadesh,,0,0,,0.12,0.113,,
Saudi Arabia,Abdullah Khaibari,,0,0,,0.12,0.113,,
Saudi Arabia,Ziyad Johani,,0,0,,0.12,0.113,,
Saudi Arabia,Khalid Ghannam,,0,0,,0.12,0.113,,
Saudi Arabia,Alaa Hejji,,0,0,,0.12,0.113,,
Saudi Arabia,Abdullah Hamdan,,0,0,,0.12,0.113,,
Saudi Arabia,Sultan Mandash,,0,0,,0.12,0.113,,
Saudi Arabia,Mohammed Owais,,0,0,,0.12,0.113,,
Saudi Arabia,Ahmed Kassar,,0,0,,0.12,0.113,,
Saudi Arabia,Mohamed Kanno,,0,0,,0.12,0.113,,
Saudi Arabia,Moteb Harbi,,0,0,,0.12,0.113,,
Saudi Arabia,Jehad Thakri,,0,0,,0.12,0.113,,
Saudi Arabia,Mohammed Abu Shamat,,0,0,,0.12,0.113,,
Spain,David Raya,GK,11,0,0.0,0.037,0.037,CURRENT_NATIONAL_PLAYER,40000000
Spain,Marc Pubill,,0,0,,0.12,0.113,,
Spain,Alex Grimaldo,,0,0,,0.12,0.113,,
Spain,Eric Garcia,DEF,19,0,0.0,0.025,0.025,FORMER_NATIONAL_PLAYER,18000000
Spain,Marcos Llorente,DEF,19,0,0.0,0.025,0.025,FORMER_NATIONAL_PLAYER,25000000
Spain,Mikel Merino,MID,37,8,0.216,0.205,0.185,CURRENT_NATIONAL_PLAYER,35000000
Spain,Ferran Torres,ATT,50,22,0.44,0.411,0.337,CURRENT_NATIONAL_PLAYER,40000000
Spain,Fabian Ruiz,MID,39,6,0.154,0.15,0.139,RECENT_NATIONAL_PLAYER,40000000
Spain,Gavi,MID,28,5,0.179,0.17,0.156,RECENT_NATIONAL_PLAYER,60000000
Spain,Dani Olmo,MID,45,11,0.244,0.232,0.207,CURRENT_NATIONAL_PLAYER,60000000
Spain,Yeremy Pino,ATT,0,0,,0.12,0.113,,30000000
Spain,Pedro Porro,DEF,12,0,0.0,0.035,0.035,CURRENT_NATIONAL_PLAYER,38000000
Spain,Joan Garcia,GK,4,0,0.0,0.067,0.064,FORMER_NATIONAL_PLAYER,25000000
Spain,Aymeric Laporte,DEF,40,2,0.05,0.058,0.056,RECENT_NATIONAL_PLAYER,15000000
Spain,Alex Baena,,0,0,,0.12,0.113,,
Spain,Rodri,MID,59,4,0.068,0.072,0.069,CURRENT_NATIONAL_PLAYER,110000000
Spain,Nico Williams,ATT,30,6,0.2,0.189,0.172,CURRENT_NATIONAL_PLAYER,70000000
Spain,Martin Zubimendi,MID,21,2,0.095,0.1,0.095,CURRENT_NATIONAL_PLAYER,60000000
Spain,Lamine Yamal,ATT,23,6,0.261,0.236,0.21,CURRENT_NATIONAL_PLAYER,200000000
Spain,Pedri,MID,36,5,0.139,0.137,0.128,CURRENT_NATIONAL_PLAYER,140000000
Spain,Mikel Oyarzabal,ATT,47,17,0.362,0.338,0.287,CURRENT_NATIONAL_PLAYER,25000000
Spain,Pau Cubarsi,DEF,17,0,0.0,0.027,0.027,FORMER_NATIONAL_PLAYER,80000000
Spain,Unai Simon,GK,52,0,0.0,0.011,0.01,CURRENT_NATIONAL_PLAYER,28000000
Spain,Marc Cucurella,DEF,19,1,0.053,0.067,0.064,CURRENT_NATIONAL_PLAYER,35000000
Spain,Victor Munoz,ATT,0,0,,0.12,0.113,,1000000
Spain,Borja Iglesias,ATT,2,0,0.0,0.086,0.082,RETIRED_NATIONAL_PLAYER,3000000
Uruguay,Sergio Rochet,GK,0,0,,0.12,0.113,,3000000
Uruguay,Jose Maria Gimenez,DEF,96,8,0.083,0.085,0.082,RECENT_NATIONAL_PLAYER,20000000
Uruguay,Sebastian Caceres,DEF,23,0,0.0,0.021,0.021,CURRENT_NATIONAL_PLAYER,5000000
Uruguay,Ronald Araujo,DEF,24,2,0.083,0.09,0.086,CURRENT_NATIONAL_PLAYER,35000000
Uruguay,Manuel Ugarte,MID,33,2,0.061,0.068,0.066,CURRENT_NATIONAL_PLAYER,45000000
Uruguay,Rodrigo Bentancur,MID,72,3,0.042,0.047,0.046,CURRENT_NATIONAL_PLAYER,30000000
Uruguay,Nicolas de la Cruz,,0,0,,0.12,0.113,,
Uruguay,Federico Valverde,MID,71,8,0.113,0.113,0.107,CURRENT_NATIONAL_PLAYER,130000000
Uruguay,Darwin Nunez,ATT,36,13,0.361,0.332,0.282,CURRENT_NATIONAL_PLAYER,45000000
Uruguay,Giorgian de Arrascaeta,MID,57,12,0.211,0.203,0.184,CURRENT_NATIONAL_PLAYER,15000000
Uruguay,Facundo Pellistri,ATT,37,2,0.054,0.062,0.06,CURRENT_NATIONAL_PLAYER,8000000
Uruguay,Santiago Mele,,0,0,,0.12,0.113,,
Uruguay,Guillermo Varela,DEF,26,0,0.0,0.019,0.019,FORMER_NATIONAL_PLAYER,1200000
Uruguay,Agustin Canobbio,ATT,21,0,0.0,0.023,0.023,FORMER_NATIONAL_PLAYER,5000000
Uruguay,Emiliano Martinez,MID,4,0,0.0,0.067,0.064,CURRENT_NATIONAL_PLAYER,9000000
Uruguay,Mathias Olivera,DEF,31,2,0.065,0.072,0.07,CURRENT_NATIONAL_PLAYER,20000000
Uruguay,Matias Vina,DEF,42,1,0.024,0.034,0.033,CURRENT_NATIONAL_PLAYER,5000000
Uruguay,Brian Rodriguez,ATT,30,4,0.133,0.131,0.123,CURRENT_NATIONAL_PLAYER,6000000
Uruguay,Rodrigo Aguirre,,0,0,,0.12,0.113,,
Uruguay,Maximiliano Araujo,,0,0,,0.12,0.113,,
Uruguay,Federico Vinas,ATT,10,1,0.1,0.107,0.101,FORMER_NATIONAL_PLAYER,2000000
Uruguay,Joaquin Piquerez,DEF,0,0,,0.12,0.113,,15000000
Uruguay,Fernando Muslera,GK,133,0,0.0,0.004,0.004,RETIRED_NATIONAL_PLAYER,800000
Uruguay,Santiago Bueno,DEF,27,2,0.074,0.081,0.078,FORMER_NATIONAL_PLAYER,10000000
Uruguay,Juan Manuel Sanabria,DEF,24,1,0.042,0.055,0.054,FORMER_NATIONAL_PLAYER,6500000
Uruguay,Rodrigo Zalazar,MID,0,0,,0.12,0.113,,18000000
France,Brice Samba,GK,3,0,0.0,0.075,0.072,CURRENT_NATIONAL_PLAYER,12000000
France,Malo Gusto,DEF,0,0,,0.12,0.113,,35000000
France,Lucas Digne,DEF,53,0,0.0,0.01,0.01,CURRENT_NATIONAL_PLAYER,10000000
France,Dayot Upamecano,DEF,32,2,0.062,0.07,0.068,CURRENT_NATIONAL_PLAYER,50000000
France,Jules Kounde,DEF,44,0,0.0,0.012,0.012,CURRENT_NATIONAL_PLAYER,65000000
France,Manu Kone,MID,11,0,0.0,0.037,0.037,FORMER_NATIONAL_PLAYER,40000000
France,Ousmane Dembele,ATT,57,7,0.123,0.123,0.115,CURRENT_NATIONAL_PLAYER,90000000
France,Aurelien Tchouameni,MID,43,3,0.07,0.075,0.072,CURRENT_NATIONAL_PLAYER,75000000
France,Marcus Thuram,ATT,31,2,0.065,0.072,0.07,CURRENT_NATIONAL_PLAYER,75000000
France,Kylian Mbappe,ATT,92,52,0.565,0.542,0.419,CURRENT_NATIONAL_PLAYER,180000000
France,Michael Olise,ATT,10,3,0.3,0.24,0.213,CURRENT_NATIONAL_PLAYER,100000000
France,Bradley Barcola,ATT,0,0,,0.12,0.113,,70000000
France,Ngolo Kante,,0,0,,0.12,0.113,,
France,Adrien Rabiot,MID,55,6,0.109,0.11,0.104,CURRENT_NATIONAL_PLAYER,25000000
France,Ibrahima Konate,DEF,25,0,0.0,0.02,0.02,CURRENT_NATIONAL_PLAYER,60000000
France,Mike Maignan,GK,34,0,0.0,0.015,0.015,CURRENT_NATIONAL_PLAYER,25000000
France,William Saliba,DEF,28,0,0.0,0.018,0.018,RECENT_NATIONAL_PLAYER,80000000
France,Warren Zaire-Emery,MID,0,0,,0.12,0.113,,55000000
France,Theo Hernandez,,0,0,,0.12,0.113,,
France,Desire Doue,ATT,0,0,,0.12,0.113,,90000000
France,Lucas Hernandez,DEF,0,0,,0.12,0.113,,25000000
France,Jean-Philippe Mateta,ATT,11,3,0.273,0.225,0.201,FORMER_NATIONAL_PLAYER,30000000
France,Robin Risser,GK,0,0,,0.12,0.113,,1500000
France,Rayan Cherki,ATT,23,13,0.565,0.486,0.385,RECENT_NATIONAL_PLAYER,45000000
France,Maghnes Akliouche,ATT,12,3,0.25,0.212,0.191,RECENT_NATIONAL_PLAYER,45000000
France,Maxence Lacroix,DEF,6,0,0.0,0.055,0.053,FORMER_NATIONAL_PLAYER,25000000
Iraq,Fahad Talib,,0,0,,0.12,0.113,,
Iraq,Rebin Sulaka,DEF,47,1,0.021,0.031,0.03,CURRENT_NATIONAL_PLAYER,100000
Iraq,Hussein Ali,DEF,0,0,,0.12,0.113,,300000
Iraq,Zaid Tahseen,,0,0,,0.12,0.113,,
Iraq,Akam Hashim,,0,0,,0.12,0.113,,
Iraq,Manaf Younis,,0,0,,0.12,0.113,,
Iraq,Youssef Amyn,ATT,20,2,0.1,0.104,0.099,CURRENT_NATIONAL_PLAYER,600000
Iraq,Ibrahim Bayesh,,0,0,,0.12,0.113,,
Iraq,Ali Hamadi,,0,0,,0.12,0.113,,
Iraq,Mohanad Ali,ATT,57,20,0.351,0.332,0.283,CURRENT_NATIONAL_PLAYER,1200000
Iraq,Ahmed Qasem,ATT,5,0,0.0,0.06,0.058,RECENT_NATIONAL_PLAYER,3500000
Iraq,Jalal Hassan,,0,0,,0.12,0.113,,
Iraq,Ali Yousif,,0,0,,0.12,0.113,,
Iraq,Zidane Iqbal,MID,0,0,,0.12,0.113,,4000000
Iraq,Ahmed Maknzi,,0,0,,0.12,0.113,,
Iraq,Amir Ammari,,0,0,,0.12,0.113,,
Iraq,Ali Jasim,ATT,26,2,0.077,0.084,0.08,RECENT_NATIONAL_PLAYER,550000
Iraq,Aymen Hussein,,0,0,,0.12,0.113,,
Iraq,Kevin Yakob,,0,0,,0.12,0.113,,
Iraq,Aimar Sher,MID,0,0,,0.12,0.113,,1300000
Iraq,Marko Farji,ATT,3,0,0.0,0.075,0.072,FORMER_NATIONAL_PLAYER,2200000
Iraq,Ahmed Basil,,0,0,,0.12,0.113,,
Iraq,Merchas Doski,,0,0,,0.12,0.113,,
Iraq,Zaid Ismail,,0,0,,0.12,0.113,,
Iraq,Mustafa Saadoon,,0,0,,0.12,0.113,,
Iraq,Frans Putros,DEF,20,0,0.0,0.024,0.024,CURRENT_NATIONAL_PLAYER,350000
Norway,Orjan Nyland,,0,0,,0.12,0.113,,
Norway,Morten Thorsby,MID,28,7,0.25,0.23,0.206,FORMER_NATIONAL_PLAYER,3000000
Norway,Kristoffer Ajer,DEF,45,2,0.044,0.052,0.051,CURRENT_NATIONAL_PLAYER,18000000
Norway,Leo Ostigard,,0,0,,0.12,0.113,,
Norway,David Moller Wolfe,,0,0,,0.12,0.113,,
Norway,Patrick Berg,MID,35,0,0.0,0.015,0.015,CURRENT_NATIONAL_PLAYER,6000000
Norway,Alexander Sorloth,,0,0,,0.12,0.113,,
Norway,Sander Berge,MID,0,0,,0.12,0.113,,25000000
Norway,Erling Haaland,ATT,45,48,1.067,0.972,0.622,CURRENT_NATIONAL_PLAYER,180000000
Norway,Martin Odegaard,,0,0,,0.12,0.113,,
Norway,Jorgen Strand Larsen,,0,0,,0.12,0.113,,
Norway,Sander Tangvik,GK,12,0,0.0,0.035,0.035,RECENT_NATIONAL_PLAYER,3500000
Norway,Egil Selvik,GK,5,0,0.0,0.06,0.058,CURRENT_NATIONAL_PLAYER,1500000
Norway,Fredrik Aursnes,MID,20,1,0.05,0.064,0.062,FORMER_NATIONAL_PLAYER,20000000
Norway,Fredrik Andre Bjorkan,,0,0,,0.12,0.113,,
Norway,Marcus Holmgren Pedersen,DEF,29,0,0.0,0.018,0.017,CURRENT_NATIONAL_PLAYER,3000000
Norway,Torbjorn Heggem,,0,0,,0.12,0.113,,
Norway,Kristian Thorstvedt,MID,31,4,0.129,0.128,0.12,RECENT_NATIONAL_PLAYER,9000000
Norway,Thelo Aasgaard,MID,11,2,0.182,0.163,0.15,RECENT_NATIONAL_PLAYER,2000000
Norway,Antonio Nusa,ATT,16,5,0.312,0.267,0.234,CURRENT_NATIONAL_PLAYER,28000000
Norway,Andreas Schjelderup,ATT,12,8,0.667,0.506,0.397,RECENT_NATIONAL_PLAYER,15000000
Norway,Oscar Bobb,ATT,12,2,0.167,0.153,0.142,CURRENT_NATIONAL_PLAYER,25000000
Norway,Jens Petter Hauge,ATT,14,1,0.071,0.084,0.081,FORMER_NATIONAL_PLAYER,4000000
Norway,Sondre Langas,DEF,0,0,,0.12,0.113,,3500000
Norway,Henrik Falchener,DEF,0,0,,0.12,0.113,,2500000
Norway,Julian Ryerson,DEF,36,1,0.028,0.039,0.038,CURRENT_NATIONAL_PLAYER,20000000
Senegal,Yehvann Diouf,GK,10,0,0.0,0.04,0.039,FORMER_NATIONAL_PLAYER,12000000
Senegal,Mamadou Sarr,DEF,14,0,0.0,0.032,0.031,FORMER_NATIONAL_PLAYER,20000000
Senegal,Kalidou Koulibaly,DEF,0,0,,0.12,0.113,,6000000
Senegal,Abdoulaye Seck,DEF,0,0,,0.12,0.113,,500000
Senegal,Idrissa Gueye,MID,113,7,0.062,0.064,0.062,CURRENT_NATIONAL_PLAYER,1500000
Senegal,Pathe Ciss,MID,17,0,0.0,0.027,0.027,CURRENT_NATIONAL_PLAYER,2000000
Senegal,Assane Diao,ATT,11,0,0.0,0.037,0.037,FORMER_NATIONAL_PLAYER,30000000
Senegal,Lamine Camara,MID,0,0,,0.12,0.113,,22000000
Senegal,Bamba Dieng,ATT,20,2,0.1,0.104,0.099,FORMER_NATIONAL_PLAYER,3000000
Senegal,Sadio Mane,ATT,111,45,0.405,0.393,0.325,CURRENT_NATIONAL_PLAYER,8000000
Senegal,Nicolas Jackson,ATT,14,0,0.0,0.032,0.031,CURRENT_NATIONAL_PLAYER,50000000
Senegal,Cherif Ndiaye,ATT,5,0,0.0,0.06,0.058,CURRENT_NATIONAL_PLAYER,5000000
Senegal,Iliman Ndiaye,ATT,0,0,,0.12,0.113,,22000000
Senegal,Ismail Jakobs,DEF,22,0,0.0,0.022,0.022,CURRENT_NATIONAL_PLAYER,7000000
Senegal,Krepin Diatta,ATT,49,2,0.041,0.048,0.047,CURRENT_NATIONAL_PLAYER,7000000
Senegal,Edouard Mendy,GK,39,0,0.0,0.014,0.014,CURRENT_NATIONAL_PLAYER,5000000
Senegal,Pape Matar Sarr,MID,24,1,0.042,0.055,0.054,CURRENT_NATIONAL_PLAYER,32000000
Senegal,Ismaila Sarr,ATT,64,13,0.203,0.197,0.179,RECENT_NATIONAL_PLAYER,25000000
Senegal,Moussa Niakhate,DEF,0,0,,0.12,0.113,,15000000
Senegal,Ibrahim Mbaye,ATT,0,0,,0.12,0.113,,3000000
Senegal,Habib Diarra,MID,0,0,,0.12,0.113,,20000000
Senegal,Bara Sapoko Ndiaye,,0,0,,0.12,0.113,,
Senegal,Mory Diaw,GK,0,0,,0.12,0.113,,800000
Senegal,Antoine Mendy,DEF,2,0,0.0,0.086,0.082,CURRENT_NATIONAL_PLAYER,2500000
Senegal,El Hadji Malick Diouf,DEF,6,0,0.0,0.055,0.053,CURRENT_NATIONAL_PLAYER,18000000
Senegal,Pape Gueye,MID,0,0,,0.12,0.113,,15000000
Algeria,Melvin Mastil,GK,0,0,,0.12,0.113,,200000
Algeria,Aissa Mandi,DEF,102,6,0.059,0.062,0.06,CURRENT_NATIONAL_PLAYER,1200000
Algeria,Achref Abada,,0,0,,0.12,0.113,,
Algeria,Mohamed Amine Tougai,,0,0,,0.12,0.113,,
Algeria,Zineddine Belaid,,0,0,,0.12,0.113,,
Algeria,Ramiz Zerrouki,,0,0,,0.12,0.113,,
Algeria,Riyad Mahrez,ATT,97,31,0.32,0.31,0.266,CURRENT_NATIONAL_PLAYER,8000000
Algeria,Houssem Aouar,MID,15,4,0.267,0.23,0.205,FORMER_NATIONAL_PLAYER,8500000
Algeria,Amine Gouiri,ATT,29,12,0.414,0.371,0.31,RETIRED_NATIONAL_PLAYER,30000000
Algeria,Fares Chaibi,MID,0,0,,0.12,0.113,,9000000
Algeria,Anis Hadj Moussa,ATT,0,0,,0.12,0.113,,14000000
Algeria,Nadhir Benbouali,,0,0,,0.12,0.113,,
Algeria,Jaouen Hadjam,DEF,0,0,,0.12,0.113,,9000000
Algeria,Hicham Boudaoui,MID,0,0,,0.12,0.113,,15000000
Algeria,Rayan Ait-Nouri,DEF,13,0,0.0,0.033,0.033,RECENT_NATIONAL_PLAYER,35000000
Algeria,Oussama Benbot,,0,0,,0.12,0.113,,
Algeria,Rafik Belghali,,0,0,,0.12,0.113,,
Algeria,Mohamed Amoura,ATT,32,13,0.406,0.368,0.308,CURRENT_NATIONAL_PLAYER,32000000
Algeria,Nabil Bentaleb,MID,53,5,0.094,0.097,0.092,CURRENT_NATIONAL_PLAYER,6000000
Algeria,Adil Boulbina,,0,0,,0.12,0.113,,
Algeria,Ramy Bensebaini,DEF,68,7,0.103,0.104,0.099,CURRENT_NATIONAL_PLAYER,7000000
Algeria,Ibrahim Maza,MID,0,0,,0.12,0.113,,12000000
Algeria,Luca Zidane,GK,0,0,,0.12,0.113,,1500000
Algeria,Yacine Titraoui,,0,0,,0.12,0.113,,
Algeria,Fares Ghedjemis,ATT,0,0,,0.12,0.113,,450000
Algeria,Samir Chergui,DEF,0,0,,0.12,0.113,,700000
Argentina,Juan Musso,GK,0,0,,0.12,0.113,,3500000
Argentina,Marcos Senesi,DEF,3,1,0.333,0.2,0.181,FORMER_NATIONAL_PLAYER,22000000
Argentina,Nicolas Tagliafico,DEF,72,1,0.014,0.021,0.021,CURRENT_NATIONAL_PLAYER,6000000
Argentina,Gonzalo Montiel,DEF,37,1,0.027,0.038,0.037,CURRENT_NATIONAL_PLAYER,5000000
Argentina,Leandro Paredes,MID,75,5,0.067,0.07,0.068,CURRENT_NATIONAL_PLAYER,5000000
Argentina,Lisandro Martinez,DEF,26,1,0.038,0.052,0.05,RECENT_NATIONAL_PLAYER,40000000
Argentina,Rodrigo De Paul,MID,80,2,0.025,0.031,0.03,CURRENT_NATIONAL_PLAYER,20000000
Argentina,Valentin Barco,MID,8,0,0.0,0.046,0.045,FORMER_NATIONAL_PLAYER,12000000
Argentina,Julian Alvarez,ATT,48,13,0.271,0.257,0.226,CURRENT_NATIONAL_PLAYER,100000000
Argentina,Lionel Messi,ATT,194,114,0.588,0.576,0.438,CURRENT_NATIONAL_PLAYER,18000000
Argentina,Giovani Lo Celso,MID,62,3,0.048,0.054,0.052,CURRENT_NATIONAL_PLAYER,15000000
Argentina,Geronimo Rulli,GK,7,0,0.0,0.05,0.049,FORMER_NATIONAL_PLAYER,8000000
Argentina,Cristian Romero,DEF,45,3,0.067,0.072,0.069,CURRENT_NATIONAL_PLAYER,50000000
Argentina,Exequiel Palacios,MID,37,0,0.0,0.014,0.014,CURRENT_NATIONAL_PLAYER,40000000
Argentina,Nicolas Gonzalez,,0,0,,0.12,0.113,,
Argentina,Thiago Almada,ATT,0,0,,0.12,0.113,,25000000
Argentina,Giuliano Simeone,ATT,7,1,0.143,0.133,0.125,CURRENT_NATIONAL_PLAYER,35000000
Argentina,Nico Paz,MID,8,1,0.125,0.123,0.116,FORMER_NATIONAL_PLAYER,35000000
Argentina,Nicolas Otamendi,DEF,128,7,0.055,0.057,0.056,CURRENT_NATIONAL_PLAYER,1000000
Argentina,Alexis Mac Allister,MID,0,0,,0.12,0.113,,100000000
Argentina,Jose Manuel Lopez,ATT,0,0,,0.12,0.113,CURRENT_NATIONAL_PLAYER,12000000
Argentina,Lautaro Martinez,ATT,72,33,0.458,0.436,0.354,CURRENT_NATIONAL_PLAYER,95000000
Argentina,Emiliano Martinez,GK,54,0,0.0,0.01,0.01,CURRENT_NATIONAL_PLAYER,20000000
Argentina,Enzo Fernandez,MID,37,5,0.135,0.133,0.125,RECENT_NATIONAL_PLAYER,75000000
Argentina,Facundo Medina,DEF,13,0,0.0,0.033,0.033,FORMER_NATIONAL_PLAYER,25000000
Argentina,Nahuel Molina,DEF,0,0,,0.12,0.113,,20000000
Austria,Alexander Schlager,GK,0,0,,0.12,0.113,,2500000
Austria,David Affengruber,DEF,0,0,,0.12,0.113,,5000000
Austria,Kevin Danso,DEF,25,0,0.0,0.02,0.02,CURRENT_NATIONAL_PLAYER,25000000
Austria,Xaver Schlager,MID,45,4,0.089,0.092,0.088,CURRENT_NATIONAL_PLAYER,10000000
Austria,Stefan Posch,DEF,44,2,0.045,0.053,0.052,CURRENT_NATIONAL_PLAYER,8000000
Austria,Nicolas Seiwald,MID,0,0,,0.12,0.113,,18000000
Austria,Marko Arnautovic,ATT,125,41,0.328,0.32,0.274,CURRENT_NATIONAL_PLAYER,3000000
Austria,David Alaba,DEF,107,15,0.14,0.139,0.13,CURRENT_NATIONAL_PLAYER,6000000
Austria,Marcel Sabitzer,MID,89,21,0.236,0.23,0.205,CURRENT_NATIONAL_PLAYER,8000000
Austria,Florian Grillitsch,MID,53,1,0.019,0.028,0.027,CURRENT_NATIONAL_PLAYER,2000000
Austria,Michael Gregoritsch,ATT,66,21,0.318,0.304,0.262,CURRENT_NATIONAL_PLAYER,3000000
Austria,Florian Wiegele,,0,0,,0.12,0.113,,
Austria,Patrick Pentz,GK,0,0,,0.12,0.113,,2500000
Austria,Sasa Kalajdzic,ATT,19,4,0.211,0.192,0.174,FORMER_NATIONAL_PLAYER,4000000
Austria,Philipp Lienhart,DEF,33,3,0.091,0.095,0.09,CURRENT_NATIONAL_PLAYER,12000000
Austria,Phillipp Mwene,DEF,23,0,0.0,0.021,0.021,CURRENT_NATIONAL_PLAYER,1800000
Austria,Carney Chukwuemeka,MID,13,6,0.462,0.367,0.307,FORMER_NATIONAL_PLAYER,18000000
Austria,Romano Schmid,MID,0,0,,0.12,0.113,,17000000
Austria,Dejan Ljubicic,MID,12,0,0.0,0.035,0.035,FORMER_NATIONAL_PLAYER,4000000
Austria,Konrad Laimer,DEF,49,5,0.102,0.104,0.099,CURRENT_NATIONAL_PLAYER,25000000
Austria,Patrick Wimmer,ATT,0,0,,0.12,0.113,,15000000
Austria,Alexander Prass,DEF,0,0,,0.12,0.113,,5000000
Austria,Marco Friedl,DEF,0,0,,0.12,0.113,,12000000
Austria,Paul Wanner,MID,0,0,,0.12,0.113,,18000000
Austria,Michael Svoboda,DEF,2,0,0.0,0.086,0.082,RECENT_NATIONAL_PLAYER,2500000
Austria,Alessandro Schopf,MID,0,0,,0.12,0.113,,700000
Jordan,Yazeed Abulaila,,0,0,,0.12,0.113,,
Jordan,Mohammad Abu Hashish,,0,0,,0.12,0.113,,
Jordan,Abdallah Nasib,,0,0,,0.12,0.113,,
Jordan,Husam Abu Dahab,,0,0,,0.12,0.113,,
Jordan,Yazan Arab,,0,0,,0.12,0.113,,
Jordan,Amer Jamous,,0,0,,0.12,0.113,,
Jordan,Mohammad Abu Zrayq,,0,0,,0.12,0.113,,
Jordan,Noor Rawabdeh,,0,0,,0.12,0.113,,
Jordan,Ali Olwan,,0,0,,0.12,0.113,,
Jordan,Musa Taamari,,0,0,,0.12,0.113,,
Jordan,Odeh Fakhouri,,0,0,,0.12,0.113,,
Jordan,Nour Bani Attiah,,0,0,,0.12,0.113,,
Jordan,Mahmoud Mardi,,0,0,,0.12,0.113,,
Jordan,Rajaei Ayed,MID,50,0,0.0,0.011,0.011,CURRENT_NATIONAL_PLAYER,350000
Jordan,Ibrahim Sadeh,,0,0,,0.12,0.113,,
Jordan,Mo Abualnadi,,0,0,,0.12,0.113,,
Jordan,Salim Obaid,,0,0,,0.12,0.113,,
Jordan,Mohammad Taha,,0,0,,0.12,0.113,,
Jordan,Saed Rosan,,0,0,,0.12,0.113,,
Jordan,Mohannad Abu Taha,,0,0,,0.12,0.113,,
Jordan,Nizar Rashdan,,0,0,,0.12,0.113,,
Jordan,Abdallah Fakhouri,,0,0,,0.12,0.113,,
Jordan,Ihsan Haddad,,0,0,,0.12,0.113,,
Jordan,Ali Azaizeh,,0,0,,0.12,0.113,,
Jordan,Mohammad Dawoud,,0,0,,0.12,0.113,,
Jordan,Anas Badawi,,0,0,,0.12,0.113,,
Colombia,David Ospina,GK,0,0,,0.12,0.113,,400000
Colombia,Daniel Munoz,DEF,39,3,0.077,0.082,0.079,CURRENT_NATIONAL_PLAYER,25000000
Colombia,Jhon Lucumi,DEF,30,0,0.0,0.017,0.017,CURRENT_NATIONAL_PLAYER,22000000
Colombia,Santiago Arias,DEF,63,0,0.0,0.009,0.009,CURRENT_NATIONAL_PLAYER,2000000
Colombia,Kevin Castano,MID,0,0,,0.12,0.113,,8000000
Colombia,Richard Rios,MID,0,0,,0.12,0.113,,16000000
Colombia,Luis Diaz,ATT,66,19,0.288,0.276,0.241,CURRENT_NATIONAL_PLAYER,70000000
Colombia,Jorge Carrascal,MID,19,2,0.105,0.108,0.103,CURRENT_NATIONAL_PLAYER,7000000
Colombia,Jhon Cordoba,ATT,18,6,0.333,0.287,0.249,CURRENT_NATIONAL_PLAYER,12000000
Colombia,James Rodriguez,MID,118,30,0.254,0.249,0.22,CURRENT_NATIONAL_PLAYER,2500000
Colombia,Jhon Arias,ATT,31,3,0.097,0.1,0.095,CURRENT_NATIONAL_PLAYER,17000000
Colombia,Camilo Vargas,GK,38,0,0.0,0.014,0.014,CURRENT_NATIONAL_PLAYER,600000
Colombia,Yerry Mina,DEF,50,8,0.16,0.156,0.145,CURRENT_NATIONAL_PLAYER,3000000
Colombia,Gustavo Puerta,,0,0,,0.12,0.113,,
Colombia,Juan Portilla,MID,5,0,0.0,0.06,0.058,CURRENT_NATIONAL_PLAYER,3500000
Colombia,Jefferson Lerma,MID,56,3,0.054,0.059,0.057,CURRENT_NATIONAL_PLAYER,10000000
Colombia,Johan Mojica,DEF,39,1,0.026,0.036,0.036,CURRENT_NATIONAL_PLAYER,2000000
Colombia,Willer Ditta,DEF,0,0,,0.12,0.113,,5000000
Colombia,Cucho Hernandez,ATT,14,5,0.357,0.295,0.255,FORMER_NATIONAL_PLAYER,18000000
Colombia,Juan Fernando Quintero,,0,0,,0.12,0.113,,
Colombia,Jaminton Campaz,ATT,0,0,,0.12,0.113,,6000000
Colombia,Deiver Machado,DEF,11,0,0.0,0.037,0.037,RECENT_NATIONAL_PLAYER,3000000
Colombia,Davinson Sanchez,DEF,73,3,0.041,0.046,0.045,CURRENT_NATIONAL_PLAYER,20000000
Colombia,Alvaro Montero,ATT,0,0,,0.12,0.113,,
Colombia,Luis Suarez,ATT,6,4,0.667,0.418,0.342,CURRENT_NATIONAL_PLAYER,8000000
Colombia,Andres Gomez,,0,0,,0.12,0.113,,
DR Congo,Lionel Mpasi,,0,0,,0.12,0.113,,
DR Congo,Aaron Wan-Bissaka,DEF,3,0,0.0,0.075,0.072,FORMER_NATIONAL_PLAYER,24000000
DR Congo,Steve Kapuadi,DEF,1,0,0.0,0.1,0.095,CURRENT_NATIONAL_PLAYER,3000000
DR Congo,Axel Tuanzebe,DEF,9,0,0.0,0.043,0.042,RETIRED_NATIONAL_PLAYER,5000000
DR Congo,Dylan Batubinsika,DEF,10,1,0.1,0.107,0.101,CURRENT_NATIONAL_PLAYER,1200000
DR Congo,Ngalayel Mukau,,0,0,,0.12,0.113,,
DR Congo,Nathanael Mbuku,ATT,0,0,,0.12,0.113,,1000000
DR Congo,Samuel Moutoussamy,MID,42,0,0.0,0.013,0.013,CURRENT_NATIONAL_PLAYER,1600000
DR Congo,Brian Cipenga,ATT,0,0,,0.12,0.113,,500000
DR Congo,Theo Bongonda,ATT,29,5,0.172,0.165,0.152,CURRENT_NATIONAL_PLAYER,6000000
DR Congo,Gael Kakuta,MID,27,3,0.111,0.113,0.106,RECENT_NATIONAL_PLAYER,600000
DR Congo,Joris Kayembe,DEF,9,3,0.333,0.257,0.227,FORMER_NATIONAL_PLAYER,3000000
DR Congo,Meschak Elia,,0,0,,0.12,0.113,,
DR Congo,Noah Sadiki,MID,5,0,0.0,0.06,0.058,RETIRED_NATIONAL_PLAYER,12000000
DR Congo,Aaron Tshibola,MID,16,1,0.062,0.076,0.073,CURRENT_NATIONAL_PLAYER,350000
DR Congo,Timothy Fayulu,GK,1,0,0.0,0.1,0.095,CURRENT_NATIONAL_PLAYER,1400000
DR Congo,Cedric Bakambu,ATT,54,16,0.296,0.281,0.245,CURRENT_NATIONAL_PLAYER,1500000
DR Congo,Charles Pickel,MID,15,0,0.0,0.03,0.03,RECENT_NATIONAL_PLAYER,2400000
DR Congo,Fiston Mayele,,0,0,,0.12,0.113,,
DR Congo,Yoane Wissa,ATT,27,5,0.185,0.175,0.161,CURRENT_NATIONAL_PLAYER,32000000
DR Congo,Matthieu Epolo,GK,8,0,0.0,0.046,0.045,FORMER_NATIONAL_PLAYER,4000000
DR Congo,Chancel Mbemba,DEF,0,0,,0.12,0.113,,2000000
DR Congo,Simon Banza,ATT,14,2,0.143,0.137,0.128,CURRENT_NATIONAL_PLAYER,14000000
DR Congo,Gedeon Kalulu,DEF,16,0,0.0,0.029,0.028,CURRENT_NATIONAL_PLAYER,2000000
DR Congo,Edo Kayembe,MID,20,1,0.05,0.064,0.062,CURRENT_NATIONAL_PLAYER,4000000
DR Congo,Arthur Masuaku,DEF,27,3,0.111,0.113,0.106,RECENT_NATIONAL_PLAYER,3000000
Portugal,Diogo Costa,GK,38,0,0.0,0.014,0.014,CURRENT_NATIONAL_PLAYER,40000000
Portugal,Nelson Semedo,DEF,44,0,0.0,0.012,0.012,RECENT_NATIONAL_PLAYER,9000000
Portugal,Ruben Dias,DEF,70,3,0.043,0.048,0.047,CURRENT_NATIONAL_PLAYER,65000000
Portugal,Tomas Araujo,DEF,18,0,0.0,0.026,0.026,FORMER_NATIONAL_PLAYER,32000000
Portugal,Diogo Dalot,DEF,29,3,0.103,0.106,0.1,RECENT_NATIONAL_PLAYER,30000000
Portugal,Matheus Nunes,MID,16,2,0.125,0.124,0.116,FORMER_NATIONAL_PLAYER,35000000
Portugal,Cristiano Ronaldo,ATT,223,141,0.632,0.621,0.463,CURRENT_NATIONAL_PLAYER,12000000
Portugal,Bruno Fernandes,MID,82,25,0.305,0.294,0.255,CURRENT_NATIONAL_PLAYER,50000000
Portugal,Goncalo Ramos,ATT,18,9,0.5,0.417,0.341,CURRENT_NATIONAL_PLAYER,40000000
Portugal,Bernardo Silva,MID,103,14,0.136,0.135,0.126,CURRENT_NATIONAL_PLAYER,38000000
Portugal,Joao Felix,ATT,47,11,0.234,0.223,0.2,CURRENT_NATIONAL_PLAYER,20000000
Portugal,Jose Sa,GK,16,0,0.0,0.029,0.028,FORMER_NATIONAL_PLAYER,7000000
Portugal,Renato Veiga,DEF,7,1,0.143,0.133,0.125,FORMER_NATIONAL_PLAYER,25000000
Portugal,Goncalo Inacio,DEF,17,2,0.118,0.118,0.111,CURRENT_NATIONAL_PLAYER,45000000
Portugal,Joao Neves,MID,18,0,0.0,0.026,0.026,CURRENT_NATIONAL_PLAYER,80000000
Portugal,Francisco Trincao,ATT,18,10,0.556,0.461,0.369,FORMER_NATIONAL_PLAYER,35000000
Portugal,Rafael Leao,ATT,40,5,0.125,0.124,0.117,RECENT_NATIONAL_PLAYER,70000000
Portugal,Pedro Neto,ATT,19,2,0.105,0.108,0.103,CURRENT_NATIONAL_PLAYER,50000000
Portugal,Goncalo Guedes,ATT,32,7,0.219,0.205,0.186,FORMER_NATIONAL_PLAYER,11000000
Portugal,Joao Cancelo,DEF,62,12,0.194,0.188,0.171,CURRENT_NATIONAL_PLAYER,15000000
Portugal,Ruben Neves,MID,60,0,0.0,0.009,0.009,CURRENT_NATIONAL_PLAYER,25000000
Portugal,Rui Silva,GK,3,0,0.0,0.075,0.072,FORMER_NATIONAL_PLAYER,7000000
Portugal,Vitinha,MID,31,0,0.0,0.017,0.017,CURRENT_NATIONAL_PLAYER,80000000
Portugal,Samu Costa,MID,7,1,0.143,0.133,0.125,FORMER_NATIONAL_PLAYER,15000000
Portugal,Nuno Mendes,DEF,0,0,,0.12,0.113,,70000000
Portugal,Francisco Conceicao,ATT,23,6,0.261,0.236,0.21,FORMER_NATIONAL_PLAYER,28000000
Uzbekistan,Utkir Yusupov,,0,0,,0.12,0.113,,
Uzbekistan,Abdukodir Khusanov,DEF,22,0,0.0,0.022,0.022,RECENT_NATIONAL_PLAYER,35000000
Uzbekistan,Khojiakbar Alijonov,,0,0,,0.12,0.113,,
Uzbekistan,Farrukh Sayfiev,,0,0,,0.12,0.113,,
Uzbekistan,Rustam Ashurmatov,,0,0,,0.12,0.113,,
Uzbekistan,Akmal Mozgovoy,,0,0,,0.12,0.113,,
Uzbekistan,Otabek Shukurov,MID,0,0,,0.12,0.113,,1800000
Uzbekistan,Jamshid Iskanderov,,0,0,,0.12,0.113,,
Uzbekistan,Odiljon Hamrobekov,,0,0,,0.12,0.113,,
Uzbekistan,Jaloliddin Masharipov,ATT,74,13,0.176,0.172,0.158,RECENT_NATIONAL_PLAYER,1500000
Uzbekistan,Oston Urunov,,0,0,,0.12,0.113,,
Uzbekistan,Abduvohid Nematov,,0,0,,0.12,0.113,,
Uzbekistan,Sherzod Nasrullaev,,0,0,,0.12,0.113,,
Uzbekistan,Eldor Shomurodov,ATT,83,42,0.506,0.484,0.384,CURRENT_NATIONAL_PLAYER,5000000
Uzbekistan,Umar Eshmurodov,,0,0,,0.12,0.113,,
Uzbekistan,Botirali Ergashev,,0,0,,0.12,0.113,,
Uzbekistan,Dostonbek Khamdamov,,0,0,,0.12,0.113,,
Uzbekistan,Abdulla Abdullaev,ATT,0,0,,0.12,0.113,FORMER_NATIONAL_PLAYER,
Uzbekistan,Azizjon Ganiev,,0,0,,0.12,0.113,,
Uzbekistan,Azizbek Amonov,,0,0,,0.12,0.113,,
Uzbekistan,Igor Sergeev,,0,0,,0.12,0.113,,
Uzbekistan,Abbosbek Fayzullaev,,0,0,,0.12,0.113,,
Uzbekistan,Sherzod Esanov,,0,0,,0.12,0.113,,
Uzbekistan,Bekhruz Karimov,,0,0,,0.12,0.113,,
Uzbekistan,Avazbek Ulmasaliev,,0,0,,0.12,0.113,,
Uzbekistan,Jakhongir Urozov,,0,0,,0.12,0.113,,
Croatia,Dominik Livakovic,GK,0,0,,0.12,0.113,,9000000
Croatia,Josip Stanisic,DEF,25,0,0.0,0.02,0.02,CURRENT_NATIONAL_PLAYER,32000000
Croatia,Marin Pongracic,DEF,14,0,0.0,0.032,0.031,CURRENT_NATIONAL_PLAYER,10000000
Croatia,Josko Gvardiol,DEF,42,3,0.071,0.077,0.074,RECENT_NATIONAL_PLAYER,75000000
Croatia,Duje Caleta-Car,DEF,0,0,,0.12,0.113,,7000000
Croatia,Josip Sutalo,DEF,0,0,,0.12,0.113,,24000000
Croatia,Nikola Moro,MID,24,6,0.25,0.228,0.204,FORMER_NATIONAL_PLAYER,4500000
Croatia,Mateo Kovacic,MID,110,5,0.045,0.049,0.048,RECENT_NATIONAL_PLAYER,20000000
Croatia,Andrej Kramaric,MID,108,36,0.333,0.324,0.277,CURRENT_NATIONAL_PLAYER,4000000
Croatia,Luka Modric,MID,190,28,0.147,0.147,0.136,CURRENT_NATIONAL_PLAYER,4000000
Croatia,Ante Budimir,ATT,34,6,0.176,0.169,0.156,CURRENT_NATIONAL_PLAYER,5000000
Croatia,Ivor Pandur,GK,0,0,,0.12,0.113,,2000000
Croatia,Nikola Vlasic,MID,58,8,0.138,0.137,0.128,RECENT_NATIONAL_PLAYER,8000000
Croatia,Ivan Perisic,ATT,146,37,0.253,0.249,0.22,CURRENT_NATIONAL_PLAYER,1500000
Croatia,Mario Pasalic,MID,78,11,0.141,0.14,0.13,CURRENT_NATIONAL_PLAYER,10000000
Croatia,Martin Baturina,MID,0,0,,0.12,0.113,,22000000
Croatia,Petar Sucic,MID,16,0,0.0,0.029,0.028,FORMER_NATIONAL_PLAYER,14000000
Croatia,Kristijan Jakic,MID,13,1,0.077,0.089,0.085,CURRENT_NATIONAL_PLAYER,6500000
Croatia,Toni Fruk,MID,24,0,0.0,0.021,0.02,FORMER_NATIONAL_PLAYER,10000000
Croatia,Igor Matanovic,ATT,6,2,0.333,0.236,0.211,FORMER_NATIONAL_PLAYER,5000000
Croatia,Luka Sucic,MID,0,0,,0.12,0.113,,15000000
Croatia,Luka Vuskovic,DEF,10,2,0.2,0.173,0.159,CURRENT_NATIONAL_PLAYER,12000000
Croatia,Dominik Kotarski,GK,15,0,0.0,0.03,0.03,FORMER_NATIONAL_PLAYER,9000000
Croatia,Marco Pasalic,ATT,8,1,0.125,0.123,0.116,CURRENT_NATIONAL_PLAYER,6000000
Croatia,Martin Erlic,DEF,11,0,0.0,0.037,0.037,FORMER_NATIONAL_PLAYER,4000000
Croatia,Petar Musa,ATT,11,4,0.364,0.287,0.25,FORMER_NATIONAL_PLAYER,6000000
England,Jordan Pickford,GK,78,0,0.0,0.007,0.007,CURRENT_NATIONAL_PLAYER,18000000
England,Ezri Konsa,DEF,0,0,,0.12,0.113,,35000000
England,Nico OReilly,,0,0,,0.12,0.113,,
England,Declan Rice,MID,68,6,0.088,0.09,0.086,CURRENT_NATIONAL_PLAYER,120000000
England,John Stones,DEF,83,3,0.036,0.041,0.04,CURRENT_NATIONAL_PLAYER,25000000
England,Marc Guehi,DEF,25,1,0.04,0.053,0.052,CURRENT_NATIONAL_PLAYER,45000000
England,Bukayo Saka,ATT,44,12,0.273,0.257,0.227,RECENT_NATIONAL_PLAYER,150000000
England,Elliot Anderson,MID,12,2,0.167,0.153,0.142,RECENT_NATIONAL_PLAYER,32000000
England,Harry Kane,ATT,109,74,0.679,0.654,0.48,CURRENT_NATIONAL_PLAYER,75000000
England,Jude Bellingham,MID,0,0,,0.12,0.113,,180000000
England,Marcus Rashford,ATT,64,18,0.281,0.27,0.236,CURRENT_NATIONAL_PLAYER,50000000
England,Tino Livramento,DEF,0,0,,0.12,0.113,,40000000
England,Dean Henderson,GK,11,0,0.0,0.037,0.037,FORMER_NATIONAL_PLAYER,20000000
England,Jordan Henderson,MID,85,3,0.035,0.04,0.039,CURRENT_NATIONAL_PLAYER,2500000
England,Dan Burn,DEF,3,0,0.0,0.075,0.072,CURRENT_NATIONAL_PLAYER,6000000
England,Kobbie Mainoo,MID,10,0,0.0,0.04,0.039,FORMER_NATIONAL_PLAYER,50000000
England,Morgan Rogers,MID,0,0,,0.12,0.113,,55000000
England,Anthony Gordon,ATT,16,6,0.375,0.314,0.27,FORMER_NATIONAL_PLAYER,65000000
England,Ollie Watkins,ATT,0,0,,0.12,0.113,,40000000
England,Noni Madueke,ATT,20,7,0.35,0.304,0.262,FORMER_NATIONAL_PLAYER,40000000
England,Eberechi Eze,MID,13,1,0.077,0.089,0.085,CURRENT_NATIONAL_PLAYER,55000000
England,Ivan Toney,ATT,7,1,0.143,0.133,0.125,RECENT_NATIONAL_PLAYER,25000000
England,James Trafford,GK,19,0,0.0,0.025,0.025,RECENT_NATIONAL_PLAYER,22000000
England,Reece James,DEF,0,0,,0.12,0.113,,30000000
England,Djed Spence,DEF,6,0,0.0,0.055,0.053,FORMER_NATIONAL_PLAYER,20000000
England,Jarell Quansah,DEF,14,0,0.0,0.032,0.031,RECENT_NATIONAL_PLAYER,20000000
Ghana,Lawrence Ati-Zigi,,0,0,,0.12,0.113,,
Ghana,Alidu Seidu,DEF,15,0,0.0,0.03,0.03,RECENT_NATIONAL_PLAYER,9000000
Ghana,Caleb Yirenkyi,MID,0,0,,0.12,0.113,CURRENT_NATIONAL_PLAYER,1000000
Ghana,Jonas Adjetey,DEF,2,0,0.0,0.086,0.082,CURRENT_NATIONAL_PLAYER,8000000
Ghana,Thomas Partey,MID,51,14,0.275,0.261,0.229,CURRENT_NATIONAL_PLAYER,14000000
Ghana,Abdul Mumin,DEF,2,0,0.0,0.086,0.082,RECENT_NATIONAL_PLAYER,5000000
Ghana,Abdul Fatawu,,0,0,,0.12,0.113,,
Ghana,Kwasi Sibo,MID,0,0,,0.12,0.113,CURRENT_NATIONAL_PLAYER,1000000
Ghana,Jordan Ayew,ATT,104,28,0.269,0.262,0.231,CURRENT_NATIONAL_PLAYER,2500000
Ghana,Brandon Thomas-Asante,ATT,0,0,,0.12,0.113,,3500000
Ghana,Antoine Semenyo,ATT,27,3,0.111,0.113,0.106,CURRENT_NATIONAL_PLAYER,40000000
Ghana,Joseph Anang,GK,1,0,0.0,0.1,0.095,FORMER_NATIONAL_PLAYER,300000
Ghana,Christopher Bonsu Baah,ATT,0,0,,0.12,0.113,,7500000
Ghana,Gideon Mensah,DEF,0,0,,0.12,0.113,,4000000
Ghana,Elisha Owusu,MID,10,0,0.0,0.04,0.039,CURRENT_NATIONAL_PLAYER,3000000
Ghana,Benjamin Asare,,0,0,,0.12,0.113,,
Ghana,Abdul Rahman Baba,DEF,52,1,0.019,0.028,0.028,FORMER_NATIONAL_PLAYER,2000000
Ghana,Jerome Opoku,DEF,5,1,0.2,0.16,0.148,CURRENT_NATIONAL_PLAYER,5000000
Ghana,Inaki Williams,ATT,22,2,0.091,0.096,0.092,CURRENT_NATIONAL_PLAYER,15000000
Ghana,Augustine Boakye,ATT,0,0,,0.12,0.113,FORMER_NATIONAL_PLAYER,2500000
Ghana,Kojo Peprah Oppong,DEF,0,0,,0.12,0.113,,1000000
Ghana,Kamaldeen Sulemana,ATT,19,0,0.0,0.025,0.025,CURRENT_NATIONAL_PLAYER,13000000
Ghana,Derrick Luckassen,DEF,9,1,0.111,0.114,0.108,FORMER_NATIONAL_PLAYER,1000000
Ghana,Ernest Nuamah,ATT,12,3,0.25,0.212,0.191,RECENT_NATIONAL_PLAYER,15000000
Ghana,Prince Kwabena Adu,ATT,0,0,,0.12,0.113,FORMER_NATIONAL_PLAYER,3000000
Ghana,Marvin Senaya,DEF,0,0,,0.12,0.113,,1800000
Panama,Luis Mejia,,0,0,,0.12,0.113,,
Panama,Cesar Blackman,DEF,32,2,0.062,0.07,0.068,CURRENT_NATIONAL_PLAYER,2500000
Panama,Jose Cordoba,DEF,0,0,,0.12,0.113,,4800000
Panama,Fidel Escobar,DEF,92,4,0.043,0.047,0.046,CURRENT_NATIONAL_PLAYER,350000
Panama,Edgardo Farina,,0,0,,0.12,0.113,,
Panama,Cristian Martinez,ATT,0,0,,0.12,0.113,,100000
Panama,Jose Luis Rodriguez,ATT,62,7,0.113,0.113,0.107,CURRENT_NATIONAL_PLAYER,2000000
Panama,Adalberto Carrasquilla,MID,66,3,0.045,0.051,0.049,CURRENT_NATIONAL_PLAYER,3800000
Panama,Tomas Rodriguez,,0,0,,0.12,0.113,,
Panama,Ismael Diaz,,0,0,,0.12,0.113,,
Panama,Yoel Barcenas,ATT,96,8,0.083,0.085,0.082,CURRENT_NATIONAL_PLAYER,800000
Panama,Cesar Samudio,,0,0,,0.12,0.113,,
Panama,Jiovany Ramos,,0,0,,0.12,0.113,,
Panama,Carlos Harvey,MID,21,2,0.095,0.1,0.095,CURRENT_NATIONAL_PLAYER,600000
Panama,Eric Davis,DEF,99,8,0.081,0.083,0.079,CURRENT_NATIONAL_PLAYER,50000
Panama,Andres Andrade,DEF,0,0,,0.12,0.113,,2000000
Panama,Jose Fajardo,ATT,0,0,,0.12,0.113,,800000
Panama,Cecilio Waterman,,0,0,,0.12,0.113,,
Panama,Alberto Quintero,ATT,137,7,0.051,0.054,0.052,FORMER_NATIONAL_PLAYER,100000
Panama,Anibal Godoy,MID,152,4,0.026,0.029,0.029,CURRENT_NATIONAL_PLAYER,150000
Panama,Cesar Yanis,ATT,0,0,,0.12,0.113,,250000
Panama,Orlando Mosquera,,0,0,,0.12,0.113,,
Panama,Michael Amir Murillo,,0,0,,0.12,0.113,,
Panama,Azarias Londono,,0,0,,0.12,0.113,,
Panama,Roderick Miller,,0,0,,0.12,0.113,,
Panama,Jorge Gutierrez,,0,0,,0.12,0.113,,
