match_id,date,stage,home,away,P_home_win,P_draw,P_away_win,exp_home_goals,exp_away_goals,most_likely_score
M041,2026-06-22,Group I,France,Iraq,0.7994,0.1483,0.0523,2.36,0.45,2-0
M042,2026-06-22,Group I,Norway,Senegal,0.3746,0.2847,0.3407,1.25,1.18,1-1
M043,2026-06-22,Group J,Argentina,Austria,0.7198,0.1896,0.0906,2.1,0.6,2-0
M044,2026-06-22,Group J,Jordan,Algeria,0.1656,0.2188,0.6156,0.93,1.98,0-2
M045,2026-06-23,Group K,Portugal,Uzbekistan,0.6999,0.2013,0.0987,2.0,0.61,2-0
M046,2026-06-23,Group K,Colombia,DR Congo,0.6989,0.2117,0.0894,1.86,0.51,1-0
M047,2026-06-23,Group L,England,Ghana,0.7881,0.1536,0.0582,2.34,0.49,2-0
M048,2026-06-23,Group L,Panama,Croatia,0.1367,0.2052,0.6581,0.84,2.08,0-2
M049,2026-06-24,Group A,Mexico,Czech Republic,0.6159,0.218,0.1662,1.99,0.94,2-0
M050,2026-06-24,Group A,South Africa,South Korea,0.1889,0.2823,0.5288,0.73,1.41,0-1
M051,2026-06-24,Group B,Canada,Switzerland,0.3567,0.2561,0.3872,1.42,1.49,1-1
M052,2026-06-24,Group B,Bosnia and Herzegovina,Qatar,0.4413,0.2586,0.3001,1.55,1.24,1-1
M053,2026-06-24,Group C,Scotland,Brazil,0.0628,0.1493,0.7879,0.56,2.44,0-2
M054,2026-06-24,Group C,Morocco,Haiti,0.7443,0.178,0.0777,2.17,0.55,2-0
M055,2026-06-25,Group D,United States,Turkey,0.5139,0.2261,0.26,1.97,1.35,1-1
M056,2026-06-25,Group D,Paraguay,Australia,0.2899,0.3155,0.3946,0.9,1.11,0-1
M057,2026-06-25,Group E,Curaçao,Ivory Coast,0.0756,0.158,0.7664,0.63,2.42,0-2
M058,2026-06-25,Group E,Ecuador,Germany,0.2607,0.2603,0.479,1.1,1.57,1-1
M059,2026-06-25,Group F,Japan,Sweden,0.4865,0.2515,0.2621,1.66,1.16,1-1
M060,2026-06-25,Group F,Tunisia,Netherlands,0.1254,0.2087,0.6659,0.74,2.01,0-2
M061,2026-06-26,Group G,Egypt,Iran,0.2933,0.309,0.3977,0.94,1.14,1-1
M062,2026-06-26,Group G,New Zealand,Belgium,0.0905,0.1538,0.7557,0.81,2.61,0-2
M063,2026-06-26,Group H,Cape Verde,Saudi Arabia,0.2942,0.321,0.3848,0.89,1.06,0-0
M064,2026-06-26,Group H,Uruguay,Spain,0.2008,0.2609,0.5384,0.87,1.58,0-1
M065,2026-06-26,Group I,Norway,France,0.1704,0.2262,0.6034,0.91,1.91,0-1
M066,2026-06-26,Group I,Senegal,Iraq,0.5705,0.2751,0.1544,1.46,0.62,1-0
M067,2026-06-27,Group J,Algeria,Austria,0.3654,0.2667,0.3679,1.35,1.36,1-1
M068,2026-06-27,Group J,Jordan,Argentina,0.0254,0.0867,0.8879,0.41,3.07,0-3
M069,2026-06-27,Group K,Colombia,Portugal,0.3369,0.2877,0.3754,1.15,1.23,1-1
M070,2026-06-27,Group K,DR Congo,Uzbekistan,0.2888,0.3371,0.3741,0.82,0.98,0-0
M071,2026-06-27,Group L,Panama,England,0.0543,0.1361,0.8096,0.54,2.57,0-2
M072,2026-06-27,Group L,Croatia,Ghana,0.638,0.222,0.1401,1.9,0.76,1-0
