country_name,fifa_team_id,confederation,pot,fifa_rank,is_host,is_playoff_winner,dc_attack,dc_defence,dc_strength,elo,form24_matches,form24_ppg,form24_gf_per,form24_ga_per,form24_win_pct,wc_titles,wc_appearances,wc_best_finish,wc_podiums,wc_matches,wc_win_pct,wc_gf_per,wc_ga_per,wc_last_appearance,squad_market_value_total,squad_market_value_top5,mean_age,pct_u23,pct_o30,injury_days_missed_24m,squad_cohesion,club_league_strength
Argentina,T-03,CONMEBOL,1,2,0,0,1.2652,1.5931,2.8583,2074.6,25,2.4,2.127,0.414,0.76,3,18,1,6,88,0.602,1.727,1.148,2022,NA_no_source,NA_no_source,NA_no_source,NA_no_source,NA_no_source,NA_no_source,NA_no_source,NA_no_source
Brazil,T-09,CONMEBOL,1,5,0,0,1.3404,1.4824,2.8228,1983.6,26,1.885,1.793,0.93,0.538,5,22,1,9,114,0.693,2.079,0.947,2022,NA_no_source,NA_no_source,NA_no_source,NA_no_source,NA_no_source,NA_no_source,NA_no_source,NA_no_source
Spain,T-71,UEFA,1,1,0,0,1.402,1.4076,2.8096,2080.8,27,2.481,2.571,0.879,0.741,1,16,1,1,67,0.478,1.612,1.119,2022,NA_no_source,NA_no_source,NA_no_source,NA_no_source,NA_no_source,NA_no_source,NA_no_source,NA_no_source
England,T-27,UEFA,1,4,0,0,1.1607,1.4315,2.5923,1987.8,26,2.308,2.192,0.57,0.731,1,16,1,1,74,0.446,1.405,0.919,2022,NA_no_source,NA_no_source,NA_no_source,NA_no_source,NA_no_source,NA_no_source,NA_no_source,NA_no_source
France,T-28,UEFA,1,3,0,0,1.1861,1.3103,2.4963,2013.5,25,2.08,2.036,1.029,0.64,2,16,1,6,73,0.562,1.863,1.164,2022,NA_no_source,NA_no_source,NA_no_source,NA_no_source,NA_no_source,NA_no_source,NA_no_source,NA_no_source
Portugal,T-56,UEFA,1,6,0,0,1.204,1.2404,2.4444,1894.6,24,1.917,2.015,0.947,0.542,0,8,3,1,35,0.514,1.743,1.171,2022,NA_no_source,NA_no_source,NA_no_source,NA_no_source,NA_no_source,NA_no_source,NA_no_source,NA_no_source
Colombia,T-15,CONMEBOL,2,13,0,0,1.07,1.308,2.378,1957.9,27,1.778,1.905,0.953,0.519,0,6,,0,22,0.409,1.455,1.364,2018,NA_no_source,NA_no_source,NA_no_source,NA_no_source,NA_no_source,NA_no_source,NA_no_source,NA_no_source
Germany,T-29,UEFA,1,9,0,0,1.3276,1.0229,2.3505,1928.3,25,2.2,2.515,0.978,0.68,4,20,1,12,112,0.643,2.071,1.161,2022,NA_no_source,NA_no_source,NA_no_source,NA_no_source,NA_no_source,NA_no_source,NA_no_source,NA_no_source
Netherlands,T-46,UEFA,1,7,0,0,1.2219,1.0493,2.2711,1900.1,26,1.808,2.412,1.153,0.5,0,11,2,4,55,0.564,1.745,0.945,2022,NA_no_source,NA_no_source,NA_no_source,NA_no_source,NA_no_source,NA_no_source,NA_no_source,NA_no_source
Belgium,T-06,UEFA,1,8,0,0,1.1767,1.0676,2.2443,1872.4,24,1.667,2.317,1.049,0.458,0,14,3,1,51,0.431,1.353,1.451,2022,NA_no_source,NA_no_source,NA_no_source,NA_no_source,NA_no_source,NA_no_source,NA_no_source,NA_no_source
Uruguay,T-81,CONMEBOL,2,16,0,0,0.9538,1.2519,2.2058,1855.4,27,1.444,1.124,0.798,0.333,2,14,1,2,59,0.441,1.508,1.288,2022,NA_no_source,NA_no_source,NA_no_source,NA_no_source,NA_no_source,NA_no_source,NA_no_source,NA_no_source
Morocco,T-45,CAF,2,11,0,0,0.7521,1.3452,2.0973,1932.3,36,2.639,2.356,0.328,0.833,0,6,4,0,23,0.261,0.87,1.174,2022,NA_no_source,NA_no_source,NA_no_source,NA_no_source,NA_no_source,NA_no_source,NA_no_source,NA_no_source
Japan,T-42,AFC,2,18,0,0,0.9736,1.0327,2.0063,1927.4,21,2.19,2.185,0.532,0.667,0,7,,0,25,0.28,1.0,1.32,2022,NA_no_source,NA_no_source,NA_no_source,NA_no_source,NA_no_source,NA_no_source,NA_no_source,NA_no_source
Ecuador,T-24,CONMEBOL,2,23,0,0,0.8059,1.1846,1.9905,1879.1,25,1.72,1.192,0.461,0.4,0,4,,0,13,0.385,1.077,1.077,2022,NA_no_source,NA_no_source,NA_no_source,NA_no_source,NA_no_source,NA_no_source,NA_no_source,NA_no_source
Croatia,T-17,UEFA,2,10,0,0,0.9503,0.9857,1.9361,1833.4,22,1.818,1.991,1.181,0.545,0,6,2,3,30,0.567,1.433,1.1,2022,NA_no_source,NA_no_source,NA_no_source,NA_no_source,NA_no_source,NA_no_source,NA_no_source,NA_no_source
Switzerland,T-73,UEFA,2,17,0,0,0.9553,0.9542,1.9095,1857.7,25,1.68,1.963,1.207,0.44,0,12,,0,41,0.341,1.341,1.78,2022,NA_no_source,NA_no_source,NA_no_source,NA_no_source,NA_no_source,NA_no_source,NA_no_source,NA_no_source
Mexico,T-44,CONCACAF,1,15,1,0,0.811,1.039,1.85,1905.0,33,2.0,1.451,0.711,0.576,0,17,,0,60,0.283,1.033,1.683,2022,NA_no_source,NA_no_source,NA_no_source,NA_no_source,NA_no_source,NA_no_source,NA_no_source,NA_no_source
Norway,T-51,UEFA,3,29,0,0,0.9049,0.8517,1.7566,1856.1,21,2.333,2.896,0.827,0.714,0,3,,0,8,0.25,0.875,1.0,1998,NA_no_source,NA_no_source,NA_no_source,NA_no_source,NA_no_source,NA_no_source,NA_no_source,NA_no_source
Senegal,T-63,CAF,2,19,0,0,0.7039,0.9947,1.6987,1840.3,28,2.214,2.062,0.675,0.679,0,3,,0,12,0.417,1.333,1.417,2022,NA_no_source,NA_no_source,NA_no_source,NA_no_source,NA_no_source,NA_no_source,NA_no_source,NA_no_source
United States,T-80,CONCACAF,1,14,1,0,0.7977,0.8767,1.6744,1810.2,33,1.576,1.633,1.336,0.485,0,11,3,1,37,0.243,1.081,1.784,2022,NA_no_source,NA_no_source,NA_no_source,NA_no_source,NA_no_source,NA_no_source,NA_no_source,NA_no_source
Australia,T-04,AFC,2,26,0,0,0.7426,0.9139,1.6566,1829.5,22,1.636,1.417,0.937,0.455,0,6,,0,20,0.2,0.85,1.85,2022,NA_no_source,NA_no_source,NA_no_source,NA_no_source,NA_no_source,NA_no_source,NA_no_source,NA_no_source
Sweden,T-72,UEFA,4,38,0,1,0.8713,0.7758,1.6471,1731.5,22,1.818,2.201,1.466,0.545,0,12,2,3,51,0.392,1.569,1.431,2018,NA_no_source,NA_no_source,NA_no_source,NA_no_source,NA_no_source,NA_no_source,NA_no_source,NA_no_source
Iran,T-36,AFC,2,20,0,0,0.7448,0.8882,1.633,1801.7,20,1.85,1.777,0.921,0.55,0,6,,0,18,0.167,0.722,1.722,2022,NA_no_source,NA_no_source,NA_no_source,NA_no_source,NA_no_source,NA_no_source,NA_no_source,NA_no_source
Austria,T-05,UEFA,2,24,0,0,0.7717,0.8359,1.6076,1767.7,22,2.0,2.248,0.839,0.591,0,7,3,1,29,0.414,1.483,1.621,1998,NA_no_source,NA_no_source,NA_no_source,NA_no_source,NA_no_source,NA_no_source,NA_no_source,NA_no_source
Algeria,T-01,CAF,3,35,0,0,0.8287,0.775,1.6037,1838.1,31,2.387,2.334,0.586,0.742,0,4,,0,13,0.231,1.0,1.462,2014,NA_no_source,NA_no_source,NA_no_source,NA_no_source,NA_no_source,NA_no_source,NA_no_source,NA_no_source
Canada,T-12,CONCACAF,1,27,1,0,0.732,0.8693,1.6012,1844.0,30,1.9,1.469,0.636,0.5,0,2,,0,6,0.0,0.333,2.0,2022,NA_no_source,NA_no_source,NA_no_source,NA_no_source,NA_no_source,NA_no_source,NA_no_source,NA_no_source
South Korea,T-69,AFC,2,22,0,0,0.7158,0.8714,1.5872,1853.0,22,2.0,1.722,0.995,0.591,0,11,4,0,38,0.211,1.026,2.053,2022,NA_no_source,NA_no_source,NA_no_source,NA_no_source,NA_no_source,NA_no_source,NA_no_source,NA_no_source
Turkey,T-77,UEFA,4,27,0,1,0.8692,0.6932,1.5624,1882.4,25,2.28,2.068,1.127,0.72,0,2,3,1,10,0.5,2.0,1.7,2002,NA_no_source,NA_no_source,NA_no_source,NA_no_source,NA_no_source,NA_no_source,NA_no_source,NA_no_source
Ivory Coast,T-40,CAF,3,42,0,0,0.6411,0.9137,1.5548,1796.4,26,2.077,1.776,0.573,0.654,0,3,,0,9,0.333,1.444,1.556,2014,NA_no_source,NA_no_source,NA_no_source,NA_no_source,NA_no_source,NA_no_source,NA_no_source,NA_no_source
Paraguay,T-53,CONMEBOL,3,39,0,0,0.5036,0.9526,1.4562,1747.0,24,1.375,1.17,1.166,0.375,0,8,,0,27,0.296,1.111,1.407,2010,NA_no_source,NA_no_source,NA_no_source,NA_no_source,NA_no_source,NA_no_source,NA_no_source,NA_no_source
Egypt,T-25,CAF,3,34,0,0,0.5162,0.9212,1.4375,1790.2,30,1.933,1.421,0.663,0.533,0,3,,0,7,0.0,0.714,1.714,2018,NA_no_source,NA_no_source,NA_no_source,NA_no_source,NA_no_source,NA_no_source,NA_no_source,NA_no_source
Czech Republic,T-19,UEFA,4,40,0,1,0.6635,0.6924,1.3559,1658.7,23,1.696,1.893,1.244,0.478,0,9,2,2,33,0.364,1.424,1.485,2006,NA_no_source,NA_no_source,NA_no_source,NA_no_source,NA_no_source,NA_no_source,NA_no_source,NA_no_source
Scotland,T-62,UEFA,3,36,0,0,0.5855,0.7567,1.3422,1718.8,23,1.435,1.51,1.15,0.435,0,8,,0,23,0.174,1.087,1.783,1998,NA_no_source,NA_no_source,NA_no_source,NA_no_source,NA_no_source,NA_no_source,NA_no_source,NA_no_source
Tunisia,T-76,CAF,3,40,0,0,0.444,0.836,1.2799,1672.7,30,1.633,1.457,1.045,0.467,0,6,,0,18,0.167,0.778,1.444,2022,NA_no_source,NA_no_source,NA_no_source,NA_no_source,NA_no_source,NA_no_source,NA_no_source,NA_no_source
Uzbekistan,,AFC,3,50,0,0,0.4277,0.8223,1.25,1798.9,21,1.619,1.225,0.831,0.429,0,0,,0,0,,,,,NA_no_source,NA_no_source,NA_no_source,NA_no_source,NA_no_source,NA_no_source,NA_no_source,NA_no_source
New Zealand,T-47,OFC,4,86,0,0,0.5474,0.5291,1.0764,1728.3,24,1.458,2.321,1.208,0.458,0,2,,0,6,0.0,0.667,2.333,2010,NA_no_source,NA_no_source,NA_no_source,NA_no_source,NA_no_source,NA_no_source,NA_no_source,NA_no_source
DR Congo,T-85,CAF,4,46,0,1,0.3177,0.7585,1.0763,1754.4,25,2.16,1.349,0.534,0.68,0,1,,0,3,0.0,0.0,4.667,1974,NA_no_source,NA_no_source,NA_no_source,NA_no_source,NA_no_source,NA_no_source,NA_no_source,NA_no_source
Ghana,T-30,CAF,4,72,0,0,0.4073,0.6202,1.0275,1598.6,21,1.095,1.32,1.164,0.286,0,4,,0,15,0.333,1.2,1.533,2022,NA_no_source,NA_no_source,NA_no_source,NA_no_source,NA_no_source,NA_no_source,NA_no_source,NA_no_source
Panama,T-52,CONCACAF,3,30,0,0,0.4965,0.5283,1.0248,1798.6,31,1.71,1.627,1.475,0.484,0,1,,0,3,0.0,0.667,3.667,2018,NA_no_source,NA_no_source,NA_no_source,NA_no_source,NA_no_source,NA_no_source,NA_no_source,NA_no_source
South Africa,T-68,CAF,3,61,0,0,0.2476,0.6798,0.9274,1669.0,25,1.84,1.647,0.861,0.52,0,3,,0,9,0.222,1.222,1.778,2010,NA_no_source,NA_no_source,NA_no_source,NA_no_source,NA_no_source,NA_no_source,NA_no_source,NA_no_source
Bosnia and Herzegovina,T-08,UEFA,4,64,0,1,0.4178,0.4951,0.9129,1537.5,22,1.182,1.417,1.545,0.273,0,1,,0,3,0.333,1.333,1.333,2014,NA_no_source,NA_no_source,NA_no_source,NA_no_source,NA_no_source,NA_no_source,NA_no_source,NA_no_source
Saudi Arabia,T-61,AFC,3,60,0,0,0.286,0.5868,0.8728,1664.5,37,1.351,1.093,1.23,0.378,0,6,,0,19,0.211,0.737,2.316,2022,NA_no_source,NA_no_source,NA_no_source,NA_no_source,NA_no_source,NA_no_source,NA_no_source,NA_no_source
Iraq,T-37,AFC,4,57,0,1,0.2121,0.6367,0.8488,1704.7,28,1.607,0.941,0.957,0.464,0,1,,0,3,0.0,0.333,1.333,1986,NA_no_source,NA_no_source,NA_no_source,NA_no_source,NA_no_source,NA_no_source,NA_no_source,NA_no_source
Jordan,,AFC,4,66,0,0,0.3901,0.4545,0.8446,1760.0,32,1.375,1.452,1.233,0.344,0,0,,0,0,,,,,NA_no_source,NA_no_source,NA_no_source,NA_no_source,NA_no_source,NA_no_source,NA_no_source,NA_no_source
Haiti,T-32,CONCACAF,4,84,0,0,0.4421,0.2896,0.7318,1686.5,24,1.708,2.367,1.106,0.5,0,1,,0,3,0.0,0.667,4.667,1974,NA_no_source,NA_no_source,NA_no_source,NA_no_source,NA_no_source,NA_no_source,NA_no_source,NA_no_source
Cape Verde,,CAF,4,68,0,0,0.1633,0.5335,0.6968,1658.0,23,1.478,1.253,1.098,0.391,0,0,,0,0,,,,,NA_no_source,NA_no_source,NA_no_source,NA_no_source,NA_no_source,NA_no_source,NA_no_source,NA_no_source
Qatar,T-57,AFC,3,51,0,0,0.4001,0.2882,0.6882,1561.1,26,0.885,1.157,1.967,0.192,0,1,,0,3,0.0,0.333,2.333,2022,NA_no_source,NA_no_source,NA_no_source,NA_no_source,NA_no_source,NA_no_source,NA_no_source,NA_no_source
Curaçao,,CONCACAF,4,82,0,0,0.1479,0.0678,0.2157,1590.8,24,1.5,1.95,1.365,0.417,0,0,,0,0,,,,,NA_no_source,NA_no_source,NA_no_source,NA_no_source,NA_no_source,NA_no_source,NA_no_source,NA_no_source
