group,country_name,official_name,fifa_rank,pot,confederation,is_host,is_playoff_winner,fifa_team_id,source
A,Mexico,Mexico,15,1,CONCACAF,1,0,T-44,https://en.wikipedia.org/wiki/2026_FIFA_World_Cup + MLSSoccer draw recap (Dec 5 2025 draw)
A,South Africa,South Africa,61,3,CAF,0,0,T-68,https://en.wikipedia.org/wiki/2026_FIFA_World_Cup + MLSSoccer draw recap (Dec 5 2025 draw)
A,South Korea,Korea Republic,22,2,AFC,0,0,T-69,https://en.wikipedia.org/wiki/2026_FIFA_World_Cup + MLSSoccer draw recap (Dec 5 2025 draw)
A,Czech Republic,Czechia,40,4,UEFA,0,1,T-19,https://en.wikipedia.org/wiki/2026_FIFA_World_Cup + MLSSoccer draw recap (Dec 5 2025 draw)
B,Canada,Canada,27,1,CONCACAF,1,0,T-12,https://en.wikipedia.org/wiki/2026_FIFA_World_Cup + MLSSoccer draw recap (Dec 5 2025 draw)
B,Switzerland,Switzerland,17,2,UEFA,0,0,T-73,https://en.wikipedia.org/wiki/2026_FIFA_World_Cup + MLSSoccer draw recap (Dec 5 2025 draw)
B,Qatar,Qatar,51,3,AFC,0,0,T-57,https://en.wikipedia.org/wiki/2026_FIFA_World_Cup + MLSSoccer draw recap (Dec 5 2025 draw)
B,Bosnia and Herzegovina,Bosnia and Herzegovina,64,4,UEFA,0,1,T-08,https://en.wikipedia.org/wiki/2026_FIFA_World_Cup + MLSSoccer draw recap (Dec 5 2025 draw)
C,Brazil,Brazil,5,1,CONMEBOL,0,0,T-09,https://en.wikipedia.org/wiki/2026_FIFA_World_Cup + MLSSoccer draw recap (Dec 5 2025 draw)
C,Morocco,Morocco,11,2,CAF,0,0,T-45,https://en.wikipedia.org/wiki/2026_FIFA_World_Cup + MLSSoccer draw recap (Dec 5 2025 draw)
C,Scotland,Scotland,36,3,UEFA,0,0,T-62,https://en.wikipedia.org/wiki/2026_FIFA_World_Cup + MLSSoccer draw recap (Dec 5 2025 draw)
C,Haiti,Haiti,84,4,CONCACAF,0,0,T-32,https://en.wikipedia.org/wiki/2026_FIFA_World_Cup + MLSSoccer draw recap (Dec 5 2025 draw)
D,United States,United States,14,1,CONCACAF,1,0,T-80,https://en.wikipedia.org/wiki/2026_FIFA_World_Cup + MLSSoccer draw recap (Dec 5 2025 draw)
D,Paraguay,Paraguay,39,3,CONMEBOL,0,0,T-53,https://en.wikipedia.org/wiki/2026_FIFA_World_Cup + MLSSoccer draw recap (Dec 5 2025 draw)
D,Australia,Australia,26,2,AFC,0,0,T-04,https://en.wikipedia.org/wiki/2026_FIFA_World_Cup + MLSSoccer draw recap (Dec 5 2025 draw)
D,Turkey,Türkiye,27,4,UEFA,0,1,T-77,https://en.wikipedia.org/wiki/2026_FIFA_World_Cup + MLSSoccer draw recap (Dec 5 2025 draw)
E,Germany,Germany,9,1,UEFA,0,0,T-29,https://en.wikipedia.org/wiki/2026_FIFA_World_Cup + MLSSoccer draw recap (Dec 5 2025 draw)
E,Curaçao,Curaçao,82,4,CONCACAF,0,0,,https://en.wikipedia.org/wiki/2026_FIFA_World_Cup + MLSSoccer draw recap (Dec 5 2025 draw)
E,Ivory Coast,Côte d'Ivoire,42,3,CAF,0,0,T-40,https://en.wikipedia.org/wiki/2026_FIFA_World_Cup + MLSSoccer draw recap (Dec 5 2025 draw)
E,Ecuador,Ecuador,23,2,CONMEBOL,0,0,T-24,https://en.wikipedia.org/wiki/2026_FIFA_World_Cup + MLSSoccer draw recap (Dec 5 2025 draw)
F,Netherlands,Netherlands,7,1,UEFA,0,0,T-46,https://en.wikipedia.org/wiki/2026_FIFA_World_Cup + MLSSoccer draw recap (Dec 5 2025 draw)
F,Japan,Japan,18,2,AFC,0,0,T-42,https://en.wikipedia.org/wiki/2026_FIFA_World_Cup + MLSSoccer draw recap (Dec 5 2025 draw)
F,Tunisia,Tunisia,40,3,CAF,0,0,T-76,https://en.wikipedia.org/wiki/2026_FIFA_World_Cup + MLSSoccer draw recap (Dec 5 2025 draw)
F,Sweden,Sweden,38,4,UEFA,0,1,T-72,https://en.wikipedia.org/wiki/2026_FIFA_World_Cup + MLSSoccer draw recap (Dec 5 2025 draw)
G,Belgium,Belgium,8,1,UEFA,0,0,T-06,https://en.wikipedia.org/wiki/2026_FIFA_World_Cup + MLSSoccer draw recap (Dec 5 2025 draw)
G,Egypt,Egypt,34,3,CAF,0,0,T-25,https://en.wikipedia.org/wiki/2026_FIFA_World_Cup + MLSSoccer draw recap (Dec 5 2025 draw)
G,Iran,IR Iran,20,2,AFC,0,0,T-36,https://en.wikipedia.org/wiki/2026_FIFA_World_Cup + MLSSoccer draw recap (Dec 5 2025 draw)
G,New Zealand,New Zealand,86,4,OFC,0,0,T-47,https://en.wikipedia.org/wiki/2026_FIFA_World_Cup + MLSSoccer draw recap (Dec 5 2025 draw)
H,Spain,Spain,1,1,UEFA,0,0,T-71,https://en.wikipedia.org/wiki/2026_FIFA_World_Cup + MLSSoccer draw recap (Dec 5 2025 draw)
H,Cape Verde,Cape Verde,68,4,CAF,0,0,,https://en.wikipedia.org/wiki/2026_FIFA_World_Cup + MLSSoccer draw recap (Dec 5 2025 draw)
H,Saudi Arabia,Saudi Arabia,60,3,AFC,0,0,T-61,https://en.wikipedia.org/wiki/2026_FIFA_World_Cup + MLSSoccer draw recap (Dec 5 2025 draw)
H,Uruguay,Uruguay,16,2,CONMEBOL,0,0,T-81,https://en.wikipedia.org/wiki/2026_FIFA_World_Cup + MLSSoccer draw recap (Dec 5 2025 draw)
I,France,France,3,1,UEFA,0,0,T-28,https://en.wikipedia.org/wiki/2026_FIFA_World_Cup + MLSSoccer draw recap (Dec 5 2025 draw)
I,Senegal,Senegal,19,2,CAF,0,0,T-63,https://en.wikipedia.org/wiki/2026_FIFA_World_Cup + MLSSoccer draw recap (Dec 5 2025 draw)
I,Norway,Norway,29,3,UEFA,0,0,T-51,https://en.wikipedia.org/wiki/2026_FIFA_World_Cup + MLSSoccer draw recap (Dec 5 2025 draw)
I,Iraq,Iraq,57,4,AFC,0,1,T-37,https://en.wikipedia.org/wiki/2026_FIFA_World_Cup + MLSSoccer draw recap (Dec 5 2025 draw)
J,Argentina,Argentina,2,1,CONMEBOL,0,0,T-03,https://en.wikipedia.org/wiki/2026_FIFA_World_Cup + MLSSoccer draw recap (Dec 5 2025 draw)
J,Algeria,Algeria,35,3,CAF,0,0,T-01,https://en.wikipedia.org/wiki/2026_FIFA_World_Cup + MLSSoccer draw recap (Dec 5 2025 draw)
J,Austria,Austria,24,2,UEFA,0,0,T-05,https://en.wikipedia.org/wiki/2026_FIFA_World_Cup + MLSSoccer draw recap (Dec 5 2025 draw)
J,Jordan,Jordan,66,4,AFC,0,0,,https://en.wikipedia.org/wiki/2026_FIFA_World_Cup + MLSSoccer draw recap (Dec 5 2025 draw)
K,Portugal,Portugal,6,1,UEFA,0,0,T-56,https://en.wikipedia.org/wiki/2026_FIFA_World_Cup + MLSSoccer draw recap (Dec 5 2025 draw)
K,Colombia,Colombia,13,2,CONMEBOL,0,0,T-15,https://en.wikipedia.org/wiki/2026_FIFA_World_Cup + MLSSoccer draw recap (Dec 5 2025 draw)
K,Uzbekistan,Uzbekistan,50,3,AFC,0,0,,https://en.wikipedia.org/wiki/2026_FIFA_World_Cup + MLSSoccer draw recap (Dec 5 2025 draw)
K,DR Congo,Congo DR,46,4,CAF,0,1,T-85,https://en.wikipedia.org/wiki/2026_FIFA_World_Cup + MLSSoccer draw recap (Dec 5 2025 draw)
L,England,England,4,1,UEFA,0,0,T-27,https://en.wikipedia.org/wiki/2026_FIFA_World_Cup + MLSSoccer draw recap (Dec 5 2025 draw)
L,Croatia,Croatia,10,2,UEFA,0,0,T-17,https://en.wikipedia.org/wiki/2026_FIFA_World_Cup + MLSSoccer draw recap (Dec 5 2025 draw)
L,Ghana,Ghana,72,4,CAF,0,0,T-30,https://en.wikipedia.org/wiki/2026_FIFA_World_Cup + MLSSoccer draw recap (Dec 5 2025 draw)
L,Panama,Panama,30,3,CONCACAF,0,0,T-52,https://en.wikipedia.org/wiki/2026_FIFA_World_Cup + MLSSoccer draw recap (Dec 5 2025 draw)
