country,american_odds,implied_prob_raw,implied_prob_normalized,model_P_win,model_minus_market,source
Spain,+450,0.1818,0.1379,0.1271,-0.0108,"https://www.cbssports.com/betting/news/world-cup-odds/ (FanDuel, 2026-06-14)"
France,+490,0.1695,0.1286,0.0583,-0.0703,"https://www.cbssports.com/betting/news/world-cup-odds/ (FanDuel, 2026-06-14)"
England,+700,0.125,0.0948,0.0726,-0.0222,"https://www.cbssports.com/betting/news/world-cup-odds/ (FanDuel, 2026-06-14)"
Portugal,+800,0.1111,0.0843,0.0572,-0.0271,"https://www.cbssports.com/betting/news/world-cup-odds/ (FanDuel, 2026-06-14)"
Brazil,+900,0.1,0.0759,0.1461,0.0702,"https://www.cbssports.com/betting/news/world-cup-odds/ (FanDuel, 2026-06-14)"
Argentina,+900,0.1,0.0759,0.1332,0.0573,"https://www.cbssports.com/betting/news/world-cup-odds/ (FanDuel, 2026-06-14)"
Germany,+1300,0.0714,0.0542,0.0466,-0.0076,"https://www.cbssports.com/betting/news/world-cup-odds/ (FanDuel, 2026-06-14)"
Netherlands,+1700,0.0556,0.0421,0.0328,-0.0093,"https://www.cbssports.com/betting/news/world-cup-odds/ (FanDuel, 2026-06-14)"
Norway,+3300,0.0294,0.0223,0.0054,-0.0169,"https://www.cbssports.com/betting/news/world-cup-odds/ (FanDuel, 2026-06-14)"
Colombia,+4000,0.0244,0.0185,0.0535,0.035,"https://www.cbssports.com/betting/news/world-cup-odds/ (FanDuel, 2026-06-14)"
United States,+5000,0.0196,0.0149,0.0148,-0.0001,"https://www.cbssports.com/betting/news/world-cup-odds/ (FanDuel, 2026-06-14)"
Senegal,+12500,0.0079,0.006,0.0077,0.0017,"https://www.cbssports.com/betting/news/world-cup-odds/ (FanDuel, 2026-06-14)"
